,Feature,Importance
0,MaxAbsEStateIndex,1
1,MaxEStateIndex,0
2,MinAbsEStateIndex,6
3,MinEStateIndex,0
4,qed,6
5,SPS,8
6,MolWt,0
7,HeavyAtomMolWt,0
8,ExactMolWt,0
9,NumValenceElectrons,0
10,NumRadicalElectrons,0
11,MaxPartialCharge,0
12,MinPartialCharge,6
13,MaxAbsPartialCharge,0
14,MinAbsPartialCharge,0
15,FpDensityMorgan1,2
16,FpDensityMorgan2,2
17,FpDensityMorgan3,0
18,BCUT2D_MWHI,2
19,BCUT2D_MWLOW,15
20,BCUT2D_CHGHI,1
21,BCUT2D_CHGLO,1
22,BCUT2D_LOGPHI,4
23,BCUT2D_LOGPLOW,7
24,BCUT2D_MRHI,3
25,BCUT2D_MRLOW,0
26,AvgIpc,1
27,BalabanJ_x,4
28,BertzCT_x,0
29,Chi0,0
30,Chi0n,0
31,Chi0v,0
32,Chi1,0
33,Chi1n,0
34,Chi1v,0
35,Chi2n,0
36,Chi2v,0
37,Chi3n,1
38,Chi3v,0
39,Chi4n,0
40,Chi4v,0
41,HallKierAlpha,0
42,Ipc,0
43,Kappa1,0
44,Kappa2,0
45,Kappa3,0
46,LabuteASA_x,0
47,PEOE_VSA1,0
48,PEOE_VSA10,1
49,PEOE_VSA11,0
50,PEOE_VSA12,0
51,PEOE_VSA13,0
52,PEOE_VSA14,0
53,PEOE_VSA2,1
54,PEOE_VSA3,0
55,PEOE_VSA4,0
56,PEOE_VSA5,0
57,PEOE_VSA6,22
58,PEOE_VSA7,4
59,PEOE_VSA8,12
60,PEOE_VSA9,0
61,SMR_VSA1,0
62,SMR_VSA10,0
63,SMR_VSA2,0
64,SMR_VSA3,5
65,SMR_VSA4,3
66,SMR_VSA5,0
67,SMR_VSA6,0
68,SMR_VSA7,0
69,SMR_VSA8,0
70,SMR_VSA9,1
71,SlogP_VSA1,0
72,SlogP_VSA10,0
73,SlogP_VSA11,0
74,SlogP_VSA12,0
75,SlogP_VSA2,0
76,SlogP_VSA3,0
77,SlogP_VSA4,0
78,SlogP_VSA5,2
79,SlogP_VSA6,0
80,SlogP_VSA7,0
81,SlogP_VSA8,0
82,SlogP_VSA9,0
83,TPSA_x,6
84,EState_VSA1,0
85,EState_VSA10,0
86,EState_VSA11,0
87,EState_VSA2,3
88,EState_VSA3,2
89,EState_VSA4,1
90,EState_VSA5,0
91,EState_VSA6,1
92,EState_VSA7,2
93,EState_VSA8,0
94,EState_VSA9,3
95,VSA_EState1,0
96,VSA_EState10,0
97,VSA_EState2,0
98,VSA_EState3,10
99,VSA_EState4,5
100,VSA_EState5,1
101,VSA_EState6,4
102,VSA_EState7,1
103,VSA_EState8,5
104,VSA_EState9,0
105,FractionCSP3_x,0
106,HeavyAtomCount,0
107,NHOHCount,0
108,NOCount,0
109,NumAliphaticCarbocycles,0
110,NumAliphaticHeterocycles,0
111,NumAliphaticRings,1
112,NumAmideBonds,0
113,NumAromaticCarbocycles,0
114,NumAromaticHeterocycles,1
115,NumAromaticRings,0
116,NumAtomStereoCenters,0
117,NumBridgeheadAtoms,0
118,NumHAcceptors,0
119,NumHDonors,0
120,NumHeteroatoms,0
121,NumHeterocycles,0
122,NumRotatableBonds,6
123,NumSaturatedCarbocycles,0
124,NumSaturatedHeterocycles,2
125,NumSaturatedRings,0
126,NumSpiroAtoms,0
127,NumUnspecifiedAtomStereoCenters,0
128,Phi,0
129,RingCount_x,0
130,MolLogP,79
131,MolMR,0
132,fr_Al_COO,0
133,fr_Al_OH,0
134,fr_Al_OH_noTert,0
135,fr_ArN,0
136,fr_Ar_COO,0
137,fr_Ar_N,0
138,fr_Ar_NH,0
139,fr_Ar_OH,0
140,fr_COO,0
141,fr_COO2,0
142,fr_C_O,0
143,fr_C_O_noCOO,0
144,fr_C_S,0
145,fr_HOCCN,0
146,fr_Imine,0
147,fr_NH0,2
148,fr_NH1,0
149,fr_NH2,0
150,fr_N_O,0
151,fr_Ndealkylation1,0
152,fr_Ndealkylation2,0
153,fr_Nhpyrrole,0
154,fr_SH,0
155,fr_aldehyde,0
156,fr_alkyl_carbamate,0
157,fr_alkyl_halide,0
158,fr_allylic_oxid,0
159,fr_amide,0
160,fr_amidine,0
161,fr_aniline,0
162,fr_aryl_methyl,0
163,fr_azide,0
164,fr_azo,0
165,fr_barbitur,0
166,fr_benzene,0
167,fr_benzodiazepine,0
168,fr_bicyclic,0
169,fr_diazo,0
170,fr_dihydropyridine,0
171,fr_epoxide,0
172,fr_ester,0
173,fr_ether,0
174,fr_furan,0
175,fr_guanido,0
176,fr_halogen,0
177,fr_hdrzine,0
178,fr_hdrzone,0
179,fr_imidazole,0
180,fr_imide,0
181,fr_isocyan,0
182,fr_isothiocyan,0
183,fr_ketone,0
184,fr_ketone_Topliss,0
185,fr_lactam,0
186,fr_lactone,0
187,fr_methoxy,0
188,fr_morpholine,0
189,fr_nitrile,0
190,fr_nitro,0
191,fr_nitro_arom,0
192,fr_nitro_arom_nonortho,0
193,fr_nitroso,0
194,fr_oxazole,0
195,fr_oxime,0
196,fr_para_hydroxylation,0
197,fr_phenol,0
198,fr_phenol_noOrthoHbond,0
199,fr_phos_acid,0
200,fr_phos_ester,0
201,fr_piperdine,0
202,fr_piperzine,0
203,fr_priamide,0
204,fr_prisulfonamd,0
205,fr_pyridine,0
206,fr_quatN,0
207,fr_sulfide,0
208,fr_sulfonamd,0
209,fr_sulfone,0
210,fr_term_acetylene,0
211,fr_tetrazole,0
212,fr_thiazole,0
213,fr_thiocyan,0
214,fr_thiophene,0
215,fr_unbrch_alkane,0
216,fr_urea,0
217,AcidicGroupCount,0
218,BasicGroupCount,0
219,AdjacencyMatrix,0
220,AdjacencyMatrix.1,1
221,AdjacencyMatrix.2,3
222,AdjacencyMatrix.3,0
223,AdjacencyMatrix.4,1
224,AdjacencyMatrix.5,0
225,AdjacencyMatrix.6,1
226,AdjacencyMatrix.7,2
227,AdjacencyMatrix.8,0
228,AdjacencyMatrix.9,3
229,AdjacencyMatrix.10,4
230,AdjacencyMatrix.11,1
231,AromaticAtomsCount,0
232,AromaticBondsCount,0
233,AtomCount,0
234,AtomCount.1,0
235,AtomCount.2,0
236,AtomCount.3,0
237,AtomCount.4,0
238,AtomCount.5,1
239,AtomCount.6,0
240,AtomCount.7,0
241,AtomCount.8,0
242,AtomCount.9,0
243,AtomCount.10,0
244,AtomCount.11,0
245,AtomCount.12,0
246,AtomCount.13,0
247,AtomCount.14,0
248,AtomCount.15,0
249,AtomCount.16,0
250,ATS,0
251,ATS.1,0
252,ATS.2,0
253,ATS.3,0
254,ATS.4,1
255,ATS.5,0
256,ATS.6,0
257,ATS.7,0
258,ATS.8,0
259,ATS.9,0
260,ATS.10,0
261,ATS.11,0
262,ATS.12,1
263,ATS.13,0
264,ATS.14,0
265,ATS.15,0
266,ATS.16,0
267,ATS.17,1
268,ATS.18,0
269,ATS.19,0
270,ATS.20,0
271,ATS.21,0
272,ATS.22,0
273,ATS.23,0
274,ATS.24,0
275,ATS.25,0
276,ATS.26,1
277,ATS.27,0
278,ATS.28,0
279,ATS.29,0
280,ATS.30,0
281,ATS.31,0
282,ATS.32,0
283,ATS.33,1
284,ATS.34,0
285,ATS.35,0
286,ATS.36,0
287,ATS.37,0
288,ATS.38,0
289,ATS.39,0
290,ATS.40,0
291,ATS.41,0
292,ATS.42,0
293,ATS.43,0
294,ATS.44,0
295,ATS.45,0
296,ATS.46,0
297,ATS.47,0
298,ATS.48,0
299,ATS.49,0
300,ATS.50,0
301,ATS.51,0
302,ATS.52,0
303,ATS.53,0
304,ATS.54,0
305,ATS.55,0
306,ATS.56,0
307,ATS.57,0
308,ATS.58,0
309,ATS.59,0
310,ATS.60,0
311,ATS.61,0
312,ATS.62,3
313,ATS.63,0
314,ATS.64,0
315,ATS.65,0
316,ATS.66,0
317,ATS.67,0
318,ATS.68,0
319,ATS.69,0
320,ATS.70,0
321,ATS.71,1
322,ATS.72,0
323,ATS.73,0
324,ATS.74,0
325,ATS.75,0
326,ATS.76,0
327,ATS.77,0
328,ATS.78,0
329,ATS.79,0
330,ATS.80,0
331,ATS.81,0
332,ATS.82,0
333,ATS.83,0
334,ATS.84,0
335,ATS.85,0
336,ATS.86,0
337,ATS.87,0
338,ATS.88,2
339,ATS.89,1
340,ATS.90,0
341,ATS.91,0
342,ATS.92,0
343,ATS.93,0
344,ATS.94,0
345,ATS.95,0
346,ATS.96,0
347,ATS.97,0
348,ATS.98,0
349,AATS,0
350,AATS.1,1
351,AATS.2,0
352,AATS.3,1
353,AATS.4,4
354,AATS.5,0
355,AATS.6,0
356,AATS.7,7
357,AATS.8,0
358,AATS.9,1
359,AATS.10,0
360,AATS.11,1
361,AATS.12,2
362,AATS.13,0
363,AATS.14,2
364,AATS.15,1
365,AATS.16,3
366,AATS.17,1
367,AATS.18,4
368,AATS.19,2
369,AATS.20,0
370,AATS.21,0
371,AATS.22,1
372,AATS.23,0
373,AATS.24,3
374,AATS.25,1
375,AATS.26,0
376,AATS.27,0
377,AATS.28,0
378,AATS.29,0
379,AATS.30,1
380,AATS.31,0
381,AATS.32,0
382,AATS.33,0
383,AATS.34,1
384,AATS.35,3
385,AATS.36,0
386,AATS.37,0
387,AATS.38,0
388,AATS.39,1
389,AATS.40,0
390,AATS.41,0
391,AATS.42,0
392,AATS.43,0
393,AATS.44,0
394,AATS.45,0
395,AATS.46,0
396,AATS.47,0
397,AATS.48,0
398,AATS.49,2
399,AATS.50,0
400,AATS.51,0
401,AATS.52,0
402,AATS.53,1
403,AATS.54,2
404,AATS.55,1
405,AATS.56,2
406,AATS.57,5
407,AATS.58,0
408,AATS.59,1
409,AATS.60,2
410,AATS.61,3
411,AATS.62,2
412,AATS.63,1
413,AATS.64,6
414,AATS.65,4
415,AATS.66,1
416,AATS.67,0
417,AATS.68,4
418,AATS.69,4
419,AATS.70,2
420,AATS.71,0
421,AATS.72,1
422,AATS.73,0
423,AATS.74,0
424,AATS.75,1
425,AATS.76,0
426,AATS.77,0
427,AATS.78,0
428,AATS.79,0
429,AATS.80,0
430,AATS.81,0
431,AATS.82,0
432,AATS.83,4
433,AATS.84,0
434,AATS.85,0
435,AATS.86,1
436,AATS.87,0
437,AATS.88,0
438,AATS.89,2
439,AATS.90,1
440,AATS.91,1
441,AATS.92,0
442,AATS.93,3
443,AATS.94,0
444,AATS.95,1
445,AATS.96,2
446,AATS.97,3
447,AATS.98,1
448,ATSC,0
449,ATSC.1,0
450,ATSC.2,2
451,ATSC.3,2
452,ATSC.4,2
453,ATSC.5,1
454,ATSC.6,1
455,ATSC.7,2
456,ATSC.8,2
457,ATSC.9,0
458,ATSC.10,0
459,ATSC.11,1
460,ATSC.12,0
461,ATSC.13,0
462,ATSC.14,1
463,ATSC.15,0
464,ATSC.16,4
465,ATSC.17,3
466,ATSC.18,0
467,ATSC.19,0
468,ATSC.20,2
469,ATSC.21,1
470,ATSC.22,0
471,ATSC.23,2
472,ATSC.24,2
473,ATSC.25,0
474,ATSC.26,5
475,ATSC.27,0
476,ATSC.28,1
477,ATSC.29,2
478,ATSC.30,0
479,ATSC.31,2
480,ATSC.32,0
481,ATSC.33,10
482,ATSC.34,1
483,ATSC.35,2
484,ATSC.36,0
485,ATSC.37,8
486,ATSC.38,0
487,ATSC.39,1
488,ATSC.40,0
489,ATSC.41,2
490,ATSC.42,2
491,ATSC.43,2
492,ATSC.44,1
493,ATSC.45,0
494,ATSC.46,3
495,ATSC.47,0
496,ATSC.48,0
497,ATSC.49,0
498,ATSC.50,0
499,ATSC.51,0
500,ATSC.52,2
501,ATSC.53,0
502,ATSC.54,0
503,ATSC.55,0
504,ATSC.56,0
505,ATSC.57,2
506,ATSC.58,0
507,ATSC.59,3
508,ATSC.60,7
509,ATSC.61,0
510,ATSC.62,0
511,ATSC.63,0
512,ATSC.64,1
513,ATSC.65,0
514,ATSC.66,1
515,ATSC.67,2
516,ATSC.68,0
517,ATSC.69,2
518,ATSC.70,0
519,ATSC.71,0
520,ATSC.72,0
521,ATSC.73,1
522,ATSC.74,1
523,ATSC.75,1
524,ATSC.76,2
525,ATSC.77,1
526,ATSC.78,1
527,ATSC.79,3
528,ATSC.80,4
529,ATSC.81,0
530,ATSC.82,0
531,ATSC.83,0
532,ATSC.84,1
533,ATSC.85,0
534,ATSC.86,0
535,ATSC.87,7
536,ATSC.88,0
537,ATSC.89,0
538,ATSC.90,0
539,ATSC.91,0
540,ATSC.92,1
541,ATSC.93,0
542,ATSC.94,0
543,ATSC.95,0
544,ATSC.96,1
545,ATSC.97,2
546,ATSC.98,2
547,ATSC.99,0
548,ATSC.100,1
549,ATSC.101,0
550,ATSC.102,1
551,ATSC.103,0
552,ATSC.104,1
553,ATSC.105,3
554,ATSC.106,1
555,ATSC.107,1
556,AATSC,6
557,AATSC.1,3
558,AATSC.2,1
559,AATSC.3,0
560,AATSC.4,1
561,AATSC.5,2
562,AATSC.6,12
563,AATSC.7,0
564,AATSC.8,1
565,AATSC.9,1
566,AATSC.10,0
567,AATSC.11,1
568,AATSC.12,3
569,AATSC.13,0
570,AATSC.14,0
571,AATSC.15,0
572,AATSC.16,3
573,AATSC.17,1
574,AATSC.18,3
575,AATSC.19,2
576,AATSC.20,0
577,AATSC.21,0
578,AATSC.22,0
579,AATSC.23,0
580,AATSC.24,3
581,AATSC.25,2
582,AATSC.26,1
583,AATSC.27,2
584,AATSC.28,1
585,AATSC.29,0
586,AATSC.30,0
587,AATSC.31,3
588,AATSC.32,0
589,AATSC.33,2
590,AATSC.34,0
591,AATSC.35,1
592,AATSC.36,5
593,AATSC.37,1
594,AATSC.38,0
595,AATSC.39,0
596,AATSC.40,0
597,AATSC.41,0
598,AATSC.42,3
599,AATSC.43,0
600,AATSC.44,2
601,AATSC.45,0
602,AATSC.46,0
603,AATSC.47,0
604,AATSC.48,0
605,AATSC.49,0
606,AATSC.50,2
607,AATSC.51,0
608,AATSC.52,0
609,AATSC.53,0
610,AATSC.54,0
611,AATSC.55,0
612,AATSC.56,0
613,AATSC.57,0
614,AATSC.58,2
615,AATSC.59,1
616,AATSC.60,0
617,AATSC.61,0
618,AATSC.62,1
619,AATSC.63,0
620,AATSC.64,2
621,AATSC.65,2
622,AATSC.66,0
623,AATSC.67,0
624,AATSC.68,0
625,AATSC.69,1
626,AATSC.70,1
627,AATSC.71,1
628,AATSC.72,1
629,AATSC.73,2
630,AATSC.74,0
631,AATSC.75,2
632,AATSC.76,0
633,AATSC.77,0
634,AATSC.78,1
635,AATSC.79,1
636,AATSC.80,0
637,AATSC.81,2
638,AATSC.82,0
639,AATSC.83,0
640,AATSC.84,2
641,AATSC.85,1
642,AATSC.86,0
643,AATSC.87,2
644,AATSC.88,1
645,AATSC.89,2
646,AATSC.90,1
647,AATSC.91,1
648,AATSC.92,1
649,AATSC.93,0
650,AATSC.94,0
651,AATSC.95,0
652,AATSC.96,0
653,AATSC.97,4
654,AATSC.98,1
655,AATSC.99,0
656,AATSC.100,0
657,AATSC.101,6
658,AATSC.102,1
659,AATSC.103,0
660,AATSC.104,1
661,AATSC.105,0
662,AATSC.106,1
663,AATSC.107,0
664,MATS,0
665,MATS.1,0
666,MATS.2,2
667,MATS.3,1
668,MATS.4,1
669,MATS.5,4
670,MATS.6,1
671,MATS.7,1
672,MATS.8,1
673,MATS.9,0
674,MATS.10,0
675,MATS.11,0
676,MATS.12,0
677,MATS.13,0
678,MATS.14,1
679,MATS.15,3
680,MATS.16,0
681,MATS.17,1
682,MATS.18,1
683,MATS.19,1
684,MATS.20,2
685,MATS.21,0
686,MATS.22,0
687,MATS.23,0
688,MATS.24,0
689,MATS.25,0
690,MATS.26,0
691,MATS.27,2
692,MATS.28,0
693,MATS.29,7
694,MATS.30,0
695,MATS.31,6
696,MATS.32,0
697,MATS.33,2
698,MATS.34,0
699,MATS.35,0
700,MATS.36,1
701,MATS.37,0
702,MATS.38,0
703,MATS.39,2
704,MATS.40,0
705,MATS.41,0
706,MATS.42,0
707,MATS.43,0
708,MATS.44,0
709,MATS.45,0
710,MATS.46,1
711,MATS.47,0
712,MATS.48,0
713,MATS.49,0
714,MATS.50,0
715,MATS.51,0
716,MATS.52,0
717,MATS.53,1
718,MATS.54,0
719,MATS.55,1
720,MATS.56,0
721,MATS.57,0
722,MATS.58,11
723,MATS.59,1
724,MATS.60,0
725,MATS.61,1
726,MATS.62,1
727,MATS.63,4
728,MATS.64,1
729,MATS.65,1
730,MATS.66,0
731,MATS.67,2
732,MATS.68,0
733,MATS.69,0
734,MATS.70,0
735,MATS.71,2
736,MATS.72,0
737,MATS.73,0
738,MATS.74,1
739,MATS.75,0
740,MATS.76,0
741,MATS.77,0
742,MATS.78,1
743,MATS.79,2
744,MATS.80,0
745,MATS.81,0
746,MATS.82,1
747,MATS.83,1
748,MATS.84,0
749,MATS.85,0
750,MATS.86,0
751,MATS.87,2
752,MATS.88,0
753,MATS.89,3
754,MATS.90,0
755,MATS.91,0
756,MATS.92,0
757,MATS.93,3
758,MATS.94,1
759,MATS.95,0
760,GATS,0
761,GATS.1,3
762,GATS.2,4
763,GATS.3,3
764,GATS.4,6
765,GATS.5,3
766,GATS.6,2
767,GATS.7,2
768,GATS.8,0
769,GATS.9,3
770,GATS.10,1
771,GATS.11,0
772,GATS.12,0
773,GATS.13,0
774,GATS.14,3
775,GATS.15,4
776,GATS.16,0
777,GATS.17,3
778,GATS.18,6
779,GATS.19,6
780,GATS.20,7
781,GATS.21,1
782,GATS.22,2
783,GATS.23,1
784,GATS.24,2
785,GATS.25,4
786,GATS.26,2
787,GATS.27,1
788,GATS.28,1
789,GATS.29,3
790,GATS.30,1
791,GATS.31,6
792,GATS.32,0
793,GATS.33,0
794,GATS.34,0
795,GATS.35,2
796,GATS.36,3
797,GATS.37,0
798,GATS.38,1
799,GATS.39,6
800,GATS.40,0
801,GATS.41,0
802,GATS.42,2
803,GATS.43,5
804,GATS.44,0
805,GATS.45,0
806,GATS.46,0
807,GATS.47,4
808,GATS.48,0
809,GATS.49,0
810,GATS.50,1
811,GATS.51,1
812,GATS.52,2
813,GATS.53,0
814,GATS.54,2
815,GATS.55,1
816,GATS.56,2
817,GATS.57,0
818,GATS.58,5
819,GATS.59,0
820,GATS.60,0
821,GATS.61,1
822,GATS.62,3
823,GATS.63,0
824,GATS.64,0
825,GATS.65,0
826,GATS.66,3
827,GATS.67,2
828,GATS.68,2
829,GATS.69,2
830,GATS.70,1
831,GATS.71,0
832,GATS.72,1
833,GATS.73,0
834,GATS.74,2
835,GATS.75,1
836,GATS.76,2
837,GATS.77,1
838,GATS.78,4
839,GATS.79,0
840,GATS.80,0
841,GATS.81,0
842,GATS.82,1
843,GATS.83,0
844,GATS.84,0
845,GATS.85,3
846,GATS.86,3
847,GATS.87,1
848,GATS.88,4
849,GATS.89,7
850,GATS.90,1
851,GATS.91,1
852,GATS.92,1
853,GATS.93,1
854,GATS.94,2
855,GATS.95,4
856,BCUT,0
857,BCUT.1,5
858,BCUT.2,0
859,BCUT.3,3
860,BCUT.4,1
861,BCUT.5,3
862,BCUT.6,2
863,BCUT.7,13
864,BCUT.8,0
865,BCUT.9,3
866,BCUT.10,0
867,BCUT.11,0
868,BCUT.12,0
869,BCUT.13,3
870,BCUT.14,0
871,BCUT.15,2
872,BCUT.16,1
873,BCUT.17,0
874,BCUT.18,0
875,BCUT.19,0
876,BCUT.20,0
877,BCUT.21,2
878,BCUT.22,2
879,BCUT.23,2
880,BalabanJ_y,0
881,BaryszMatrix,0
882,BaryszMatrix.1,0
883,BaryszMatrix.2,0
884,BaryszMatrix.3,0
885,BaryszMatrix.4,0
886,BaryszMatrix.5,0
887,BaryszMatrix.6,0
888,BaryszMatrix.7,0
889,BaryszMatrix.8,0
890,BaryszMatrix.9,0
891,BaryszMatrix.10,0
892,BaryszMatrix.11,0
893,BaryszMatrix.12,0
894,BaryszMatrix.13,0
895,BaryszMatrix.14,0
896,BaryszMatrix.15,0
897,BaryszMatrix.16,0
898,BaryszMatrix.17,0
899,BaryszMatrix.18,0
900,BaryszMatrix.19,0
901,BaryszMatrix.20,0
902,BaryszMatrix.21,0
903,BaryszMatrix.22,0
904,BaryszMatrix.23,0
905,BaryszMatrix.24,0
906,BaryszMatrix.25,0
907,BaryszMatrix.26,0
908,BaryszMatrix.27,0
909,BaryszMatrix.28,0
910,BaryszMatrix.29,0
911,BaryszMatrix.30,0
912,BaryszMatrix.31,0
913,BaryszMatrix.32,0
914,BaryszMatrix.33,0
915,BaryszMatrix.34,0
916,BaryszMatrix.35,0
917,BaryszMatrix.36,0
918,BaryszMatrix.37,0
919,BaryszMatrix.38,0
920,BaryszMatrix.39,1
921,BaryszMatrix.40,0
922,BaryszMatrix.41,0
923,BaryszMatrix.42,0
924,BaryszMatrix.43,0
925,BaryszMatrix.44,0
926,BaryszMatrix.45,0
927,BaryszMatrix.46,0
928,BaryszMatrix.47,0
929,BaryszMatrix.48,0
930,BaryszMatrix.49,0
931,BaryszMatrix.50,0
932,BaryszMatrix.51,0
933,BaryszMatrix.52,0
934,BaryszMatrix.53,0
935,BaryszMatrix.54,0
936,BaryszMatrix.55,0
937,BaryszMatrix.56,0
938,BaryszMatrix.57,0
939,BaryszMatrix.58,0
940,BaryszMatrix.59,0
941,BaryszMatrix.60,0
942,BaryszMatrix.61,0
943,BaryszMatrix.62,0
944,BaryszMatrix.63,0
945,BaryszMatrix.64,0
946,BaryszMatrix.65,0
947,BaryszMatrix.66,0
948,BaryszMatrix.67,0
949,BaryszMatrix.68,0
950,BaryszMatrix.69,0
951,BaryszMatrix.70,0
952,BaryszMatrix.71,0
953,BaryszMatrix.72,0
954,BaryszMatrix.73,0
955,BaryszMatrix.74,0
956,BaryszMatrix.75,0
957,BaryszMatrix.76,0
958,BaryszMatrix.77,0
959,BaryszMatrix.78,0
960,BaryszMatrix.79,0
961,BaryszMatrix.80,0
962,BaryszMatrix.81,0
963,BaryszMatrix.82,0
964,BaryszMatrix.83,0
965,BaryszMatrix.84,0
966,BaryszMatrix.85,0
967,BaryszMatrix.86,0
968,BaryszMatrix.87,0
969,BaryszMatrix.88,0
970,BaryszMatrix.89,0
971,BaryszMatrix.90,0
972,BaryszMatrix.91,0
973,BaryszMatrix.92,0
974,BaryszMatrix.93,0
975,BaryszMatrix.94,0
976,BaryszMatrix.95,1
977,BaryszMatrix.96,0
978,BaryszMatrix.97,0
979,BaryszMatrix.98,0
980,BaryszMatrix.99,0
981,BaryszMatrix.100,0
982,BaryszMatrix.101,0
983,BaryszMatrix.102,0
984,BaryszMatrix.103,0
985,BertzCT_y,0
986,BondCount,0
987,BondCount.1,0
988,BondCount.2,0
989,BondCount.3,0
990,BondCount.4,0
991,BondCount.5,0
992,BondCount.6,0
993,BondCount.7,0
994,BondCount.8,0
995,RNCG_x,1
996,RPCG_x,1
997,CarbonTypes,0
998,CarbonTypes.1,0
999,CarbonTypes.2,0
1000,CarbonTypes.3,2
1001,CarbonTypes.4,0
1002,CarbonTypes.5,1
1003,CarbonTypes.6,0
1004,CarbonTypes.7,0
1005,CarbonTypes.8,0
1006,HybridizationRatio,0
1007,FractionCSP3_y,0
1008,Chi,0
1009,Chi.1,0
1010,Chi.2,0
1011,Chi.3,0
1012,Chi.4,7
1013,Chi.5,0
1014,Chi.6,0
1015,Chi.7,2
1016,Chi.8,2
1017,Chi.9,16
1018,Chi.10,0
1019,Chi.11,0
1020,Chi.12,0
1021,Chi.13,0
1022,Chi.14,1
1023,Chi.15,0
1024,Chi.16,0
1025,Chi.17,0
1026,Chi.18,1
1027,Chi.19,0
1028,Chi.20,0
1029,Chi.21,1
1030,Chi.22,0
1031,Chi.23,0
1032,Chi.24,0
1033,Chi.25,0
1034,Chi.26,0
1035,Chi.27,0
1036,Chi.28,0
1037,Chi.29,0
1038,Chi.30,0
1039,Chi.31,0
1040,Chi.32,0
1041,Chi.33,5
1042,Chi.34,5
1043,Chi.35,3
1044,Chi.36,1
1045,Chi.37,2
1046,Chi.38,0
1047,Chi.39,0
1048,Chi.40,0
1049,Chi.41,0
1050,Chi.42,0
1051,Chi.43,0
1052,Chi.44,0
1053,Chi.45,0
1054,Chi.46,0
1055,Chi.47,0
1056,Chi.48,1
1057,Chi.49,1
1058,Chi.50,0
1059,Chi.51,0
1060,Chi.52,2
1061,Chi.53,2
1062,Chi.54,1
1063,Chi.55,1
1064,ConstitutionalSum,0
1065,ConstitutionalSum.1,0
1066,ConstitutionalSum.2,0
1067,ConstitutionalSum.3,0
1068,ConstitutionalSum.4,0
1069,ConstitutionalSum.5,0
1070,ConstitutionalSum.6,0
1071,ConstitutionalSum.7,0
1072,ConstitutionalMean,0
1073,ConstitutionalMean.1,0
1074,ConstitutionalMean.2,0
1075,ConstitutionalMean.3,6
1076,ConstitutionalMean.4,3
1077,ConstitutionalMean.5,1
1078,ConstitutionalMean.6,0
1079,ConstitutionalMean.7,0
1080,DistanceMatrix,0
1081,DistanceMatrix.1,0
1082,DistanceMatrix.2,0
1083,DistanceMatrix.3,0
1084,DistanceMatrix.4,1
1085,DistanceMatrix.5,0
1086,DistanceMatrix.6,0
1087,DistanceMatrix.7,0
1088,DistanceMatrix.8,0
1089,DistanceMatrix.9,0
1090,DistanceMatrix.10,0
1091,DistanceMatrix.11,0
1092,AtomTypeEState,0
1093,AtomTypeEState.1,0
1094,AtomTypeEState.2,0
1095,AtomTypeEState.3,0
1096,AtomTypeEState.4,0
1097,AtomTypeEState.5,0
1098,AtomTypeEState.6,1
1099,AtomTypeEState.7,0
1100,AtomTypeEState.8,0
1101,AtomTypeEState.9,0
1102,AtomTypeEState.10,0
1103,AtomTypeEState.11,0
1104,AtomTypeEState.12,0
1105,AtomTypeEState.13,0
1106,AtomTypeEState.14,0
1107,AtomTypeEState.15,0
1108,AtomTypeEState.16,0
1109,AtomTypeEState.17,0
1110,AtomTypeEState.18,0
1111,AtomTypeEState.19,0
1112,AtomTypeEState.20,0
1113,AtomTypeEState.21,0
1114,AtomTypeEState.22,0
1115,AtomTypeEState.23,0
1116,AtomTypeEState.24,0
1117,AtomTypeEState.25,0
1118,AtomTypeEState.26,0
1119,AtomTypeEState.27,0
1120,AtomTypeEState.28,0
1121,AtomTypeEState.29,0
1122,AtomTypeEState.30,0
1123,AtomTypeEState.31,0
1124,AtomTypeEState.32,0
1125,AtomTypeEState.33,0
1126,AtomTypeEState.34,0
1127,AtomTypeEState.35,0
1128,AtomTypeEState.36,0
1129,AtomTypeEState.37,0
1130,AtomTypeEState.38,0
1131,AtomTypeEState.39,0
1132,AtomTypeEState.40,0
1133,AtomTypeEState.41,0
1134,AtomTypeEState.42,0
1135,AtomTypeEState.43,0
1136,AtomTypeEState.44,0
1137,AtomTypeEState.45,0
1138,AtomTypeEState.46,0
1139,AtomTypeEState.47,0
1140,AtomTypeEState.48,0
1141,AtomTypeEState.49,0
1142,AtomTypeEState.50,0
1143,AtomTypeEState.51,0
1144,AtomTypeEState.52,0
1145,AtomTypeEState.53,0
1146,AtomTypeEState.54,0
1147,AtomTypeEState.55,0
1148,AtomTypeEState.56,0
1149,AtomTypeEState.57,0
1150,AtomTypeEState.58,0
1151,AtomTypeEState.59,0
1152,AtomTypeEState.60,0
1153,AtomTypeEState.61,0
1154,AtomTypeEState.62,0
1155,AtomTypeEState.63,0
1156,AtomTypeEState.64,0
1157,AtomTypeEState.65,0
1158,AtomTypeEState.66,0
1159,AtomTypeEState.67,0
1160,AtomTypeEState.68,0
1161,AtomTypeEState.69,0
1162,AtomTypeEState.70,0
1163,AtomTypeEState.71,0
1164,AtomTypeEState.72,0
1165,AtomTypeEState.73,0
1166,AtomTypeEState.74,0
1167,AtomTypeEState.75,0
1168,AtomTypeEState.76,0
1169,AtomTypeEState.77,0
1170,AtomTypeEState.78,0
1171,AtomTypeEState.79,0
1172,AtomTypeEState.80,0
1173,AtomTypeEState.81,0
1174,AtomTypeEState.82,0
1175,AtomTypeEState.83,0
1176,AtomTypeEState.84,0
1177,AtomTypeEState.85,3
1178,AtomTypeEState.86,0
1179,AtomTypeEState.87,1
1180,AtomTypeEState.88,0
1181,AtomTypeEState.89,0
1182,AtomTypeEState.90,1
1183,AtomTypeEState.91,0
1184,AtomTypeEState.92,0
1185,AtomTypeEState.93,0
1186,AtomTypeEState.94,2
1187,AtomTypeEState.95,2
1188,AtomTypeEState.96,0
1189,AtomTypeEState.97,6
1190,AtomTypeEState.98,0
1191,AtomTypeEState.99,0
1192,AtomTypeEState.100,0
1193,AtomTypeEState.101,0
1194,AtomTypeEState.102,3
1195,AtomTypeEState.103,0
1196,AtomTypeEState.104,0
1197,AtomTypeEState.105,0
1198,AtomTypeEState.106,0
1199,AtomTypeEState.107,0
1200,AtomTypeEState.108,1
1201,AtomTypeEState.109,0
1202,AtomTypeEState.110,0
1203,AtomTypeEState.111,0
1204,AtomTypeEState.112,4
1205,AtomTypeEState.113,0
1206,AtomTypeEState.114,2
1207,AtomTypeEState.115,0
1208,AtomTypeEState.116,0
1209,AtomTypeEState.117,0
1210,AtomTypeEState.118,0
1211,AtomTypeEState.119,0
1212,AtomTypeEState.120,0
1213,AtomTypeEState.121,0
1214,AtomTypeEState.122,0
1215,AtomTypeEState.123,0
1216,AtomTypeEState.124,0
1217,AtomTypeEState.125,0
1218,AtomTypeEState.126,0
1219,AtomTypeEState.127,0
1220,AtomTypeEState.128,0
1221,AtomTypeEState.129,0
1222,AtomTypeEState.130,0
1223,AtomTypeEState.131,0
1224,AtomTypeEState.132,0
1225,AtomTypeEState.133,0
1226,AtomTypeEState.134,0
1227,AtomTypeEState.135,0
1228,AtomTypeEState.136,0
1229,AtomTypeEState.137,0
1230,AtomTypeEState.138,0
1231,AtomTypeEState.139,0
1232,AtomTypeEState.140,0
1233,AtomTypeEState.141,0
1234,AtomTypeEState.142,0
1235,AtomTypeEState.143,0
1236,AtomTypeEState.144,0
1237,AtomTypeEState.145,0
1238,AtomTypeEState.146,0
1239,AtomTypeEState.147,0
1240,AtomTypeEState.148,0
1241,AtomTypeEState.149,0
1242,AtomTypeEState.150,0
1243,AtomTypeEState.151,0
1244,AtomTypeEState.152,0
1245,AtomTypeEState.153,0
1246,AtomTypeEState.154,0
1247,AtomTypeEState.155,0
1248,AtomTypeEState.156,0
1249,AtomTypeEState.157,0
1250,AtomTypeEState.170,2
1251,AtomTypeEState.173,2
1252,AtomTypeEState.192,0
1253,AtomTypeEState.249,0
1254,AtomTypeEState.252,2
1255,AtomTypeEState.271,11
1256,EccentricConnectivityIndex,0
1257,EtaCoreCount,0
1258,EtaCoreCount.1,0
1259,EtaShapeIndex,0
1260,EtaShapeIndex.1,0
1261,EtaShapeIndex.2,3
1262,EtaVEMCount,0
1263,EtaVEMCount.1,0
1264,EtaVEMCount.2,0
1265,EtaVEMCount.3,20
1266,EtaVEMCount.4,0
1267,EtaVEMCount.5,0
1268,EtaVEMCount.6,5
1269,EtaVEMCount.7,0
1270,EtaCompositeIndex,0
1271,EtaCompositeIndex.1,0
1272,EtaCompositeIndex.2,0
1273,EtaCompositeIndex.3,0
1274,EtaCompositeIndex.4,0
1275,EtaCompositeIndex.5,1
1276,EtaCompositeIndex.6,0
1277,EtaCompositeIndex.7,0
1278,EtaFunctionalityIndex,0
1279,EtaFunctionalityIndex.1,1
1280,EtaFunctionalityIndex.2,0
1281,EtaFunctionalityIndex.3,0
1282,EtaBranchingIndex,1
1283,EtaBranchingIndex.1,1
1284,EtaBranchingIndex.2,0
1285,EtaBranchingIndex.3,1
1286,EtaDeltaAlpha,0
1287,EtaDeltaAlpha.1,0
1288,EtaEpsilon,3
1289,EtaEpsilon.1,0
1290,EtaEpsilon.2,0
1291,EtaEpsilon.3,3
1292,EtaEpsilon.4,0
1293,EtaDeltaEpsilon,0
1294,EtaDeltaEpsilon.1,1
1295,EtaDeltaEpsilon.2,0
1296,EtaDeltaEpsilon.3,0
1297,EtaDeltaBeta,0
1298,EtaDeltaBeta.1,0
1299,EtaPsi,0
1300,EtaDeltaPsi,0
1301,EtaDeltaPsi.1,0
1302,FragmentComplexity,0
1303,Framework,0
1304,HBondAcceptor,0
1305,HBondDonor,0
1306,InformationContent,5
1307,InformationContent.1,1
1308,InformationContent.2,1
1309,InformationContent.3,2
1310,InformationContent.4,0
1311,InformationContent.5,2
1312,TotalIC,0
1313,TotalIC.1,0
1314,TotalIC.2,0
1315,TotalIC.3,0
1316,TotalIC.4,0
1317,TotalIC.5,0
1318,StructuralIC,1
1319,StructuralIC.1,0
1320,StructuralIC.2,0
1321,StructuralIC.3,0
1322,StructuralIC.4,0
1323,StructuralIC.5,1
1324,BondingIC,4
1325,BondingIC.1,1
1326,BondingIC.2,0
1327,BondingIC.3,0
1328,BondingIC.4,0
1329,BondingIC.5,2
1330,ComplementaryIC,0
1331,ComplementaryIC.1,0
1332,ComplementaryIC.2,1
1333,ComplementaryIC.3,1
1334,ComplementaryIC.4,1
1335,ComplementaryIC.5,0
1336,ModifiedIC,0
1337,ModifiedIC.1,0
1338,ModifiedIC.2,0
1339,ModifiedIC.3,0
1340,ModifiedIC.4,0
1341,ModifiedIC.5,10
1342,ZModifiedIC,0
1343,ZModifiedIC.1,3
1344,ZModifiedIC.2,0
1345,ZModifiedIC.3,0
1346,ZModifiedIC.4,1
1347,ZModifiedIC.5,1
1348,KappaShapeIndex1,0
1349,KappaShapeIndex2,0
1350,KappaShapeIndex3,0
1351,LogS,5
1352,McGowanVolume,0
1353,LabuteASA_y,0
1354,PEOE_VSA,0
1355,PEOE_VSA.1,0
1356,PEOE_VSA.2,0
1357,PEOE_VSA.3,0
1358,PEOE_VSA.4,0
1359,PEOE_VSA.5,0
1360,PEOE_VSA.6,0
1361,PEOE_VSA.7,0
1362,PEOE_VSA.8,0
1363,PEOE_VSA.9,0
1364,PEOE_VSA.10,0
1365,PEOE_VSA.11,0
1366,PEOE_VSA.12,0
1367,SMR_VSA,0
1368,SMR_VSA.1,0
1369,SMR_VSA.2,0
1370,SMR_VSA.3,0
1371,SMR_VSA.4,0
1372,SMR_VSA.5,0
1373,SMR_VSA.6,0
1374,SMR_VSA.7,0
1375,SMR_VSA.8,0
1376,SlogP_VSA,0
1377,SlogP_VSA.1,0
1378,SlogP_VSA.2,0
1379,SlogP_VSA.3,0
1380,SlogP_VSA.4,0
1381,SlogP_VSA.5,0
1382,SlogP_VSA.6,0
1383,SlogP_VSA.7,0
1384,SlogP_VSA.8,0
1385,SlogP_VSA.9,0
1386,SlogP_VSA.10,0
1387,EState_VSA,0
1388,EState_VSA.1,0
1389,EState_VSA.2,0
1390,EState_VSA.3,0
1391,EState_VSA.4,0
1392,EState_VSA.5,0
1393,EState_VSA.6,0
1394,EState_VSA.7,0
1395,EState_VSA.8,0
1396,EState_VSA.9,0
1397,VSA_EState,0
1398,VSA_EState.1,0
1399,VSA_EState.2,0
1400,VSA_EState.3,0
1401,VSA_EState.4,0
1402,VSA_EState.5,0
1403,VSA_EState.6,0
1404,VSA_EState.7,0
1405,VSA_EState.8,0
1406,MolecularDistanceEdge.7,4
1407,MolecularDistanceEdge.10,5
1408,MolecularId,0
1409,MolecularId.1,2
1410,MolecularId.2,1
1411,MolecularId.3,3
1412,MolecularId.4,0
1413,MolecularId.5,0
1414,MolecularId.6,1
1415,MolecularId.7,15
1416,MolecularId.8,1
1417,MolecularId.9,1
1418,MolecularId.10,0
1419,MolecularId.11,0
1420,PathCount,0
1421,PathCount.1,0
1422,PathCount.2,0
1423,PathCount.3,0
1424,PathCount.4,1
1425,PathCount.5,1
1426,PathCount.6,0
1427,PathCount.7,0
1428,PathCount.8,1
1429,PathCount.9,0
1430,PathCount.10,0
1431,PathCount.11,0
1432,PathCount.12,1
1433,PathCount.13,0
1434,PathCount.14,0
1435,PathCount.15,0
1436,PathCount.16,0
1437,PathCount.17,0
1438,PathCount.18,2
1439,PathCount.19,1
1440,PathCount.20,0
1441,APol,0
1442,BPol,0
1443,RingCount_y,0
1444,RingCount.1,0
1445,RingCount.2,0
1446,RingCount.3,0
1447,RingCount.4,0
1448,RingCount.5,0
1449,RingCount.6,0
1450,RingCount.7,0
1451,RingCount.8,0
1452,RingCount.9,0
1453,RingCount.10,0
1454,RingCount.11,0
1455,RingCount.12,0
1456,RingCount.13,0
1457,RingCount.14,0
1458,RingCount.15,0
1459,RingCount.16,1
1460,RingCount.17,0
1461,RingCount.18,0
1462,RingCount.19,0
1463,RingCount.20,0
1464,RingCount.21,0
1465,RingCount.22,0
1466,RingCount.23,0
1467,RingCount.24,0
1468,RingCount.25,0
1469,RingCount.26,0
1470,RingCount.27,0
1471,RingCount.28,0
1472,RingCount.29,0
1473,RingCount.30,0
1474,RingCount.31,0
1475,RingCount.32,0
1476,RingCount.33,0
1477,RingCount.34,0
1478,RingCount.35,0
1479,RingCount.36,0
1480,RingCount.37,0
1481,RingCount.38,0
1482,RingCount.39,0
1483,RingCount.40,0
1484,RingCount.41,0
1485,RingCount.42,0
1486,RingCount.43,0
1487,RingCount.44,0
1488,RingCount.45,0
1489,RingCount.46,0
1490,RingCount.47,0
1491,RingCount.48,0
1492,RingCount.49,0
1493,RingCount.50,0
1494,RingCount.51,0
1495,RingCount.52,0
1496,RingCount.53,0
1497,RingCount.54,0
1498,RingCount.55,0
1499,RingCount.56,0
1500,RingCount.57,0
1501,RingCount.58,0
1502,RingCount.59,0
1503,RingCount.60,0
1504,RingCount.61,0
1505,RingCount.62,0
1506,RingCount.63,0
1507,RingCount.64,0
1508,RingCount.65,0
1509,RingCount.66,0
1510,RingCount.67,0
1511,RingCount.68,0
1512,RingCount.69,0
1513,RingCount.70,0
1514,RingCount.71,0
1515,RingCount.72,0
1516,RingCount.73,0
1517,RingCount.74,0
1518,RingCount.75,0
1519,RingCount.76,0
1520,RingCount.77,0
1521,RingCount.78,0
1522,RingCount.79,0
1523,RingCount.80,0
1524,RingCount.81,0
1525,RingCount.82,0
1526,RingCount.83,0
1527,RingCount.84,0
1528,RingCount.85,0
1529,RingCount.86,0
1530,RingCount.87,0
1531,RingCount.88,0
1532,RingCount.89,0
1533,RingCount.90,0
1534,RingCount.91,0
1535,RingCount.92,0
1536,RingCount.93,0
1537,RingCount.94,0
1538,RingCount.95,0
1539,RingCount.96,0
1540,RingCount.97,0
1541,RingCount.98,0
1542,RingCount.99,0
1543,RingCount.100,0
1544,RingCount.101,0
1545,RingCount.102,0
1546,RingCount.103,0
1547,RingCount.104,0
1548,RingCount.105,0
1549,RingCount.106,0
1550,RingCount.107,0
1551,RingCount.108,0
1552,RingCount.109,0
1553,RingCount.110,0
1554,RingCount.111,0
1555,RingCount.112,0
1556,RingCount.113,0
1557,RingCount.114,0
1558,RingCount.115,0
1559,RingCount.116,0
1560,RingCount.117,0
1561,RingCount.118,0
1562,RingCount.119,0
1563,RingCount.120,0
1564,RingCount.121,0
1565,RingCount.122,0
1566,RingCount.123,0
1567,RingCount.124,0
1568,RingCount.125,0
1569,RingCount.126,0
1570,RingCount.127,0
1571,RingCount.128,0
1572,RingCount.129,0
1573,RingCount.130,0
1574,RingCount.131,0
1575,RingCount.132,0
1576,RingCount.133,0
1577,RingCount.134,0
1578,RingCount.135,0
1579,RingCount.136,0
1580,RingCount.137,0
1581,RotatableBondsCount,0
1582,RotatableBondsRatio,17
1583,SLogP,0
1584,SMR,0
1585,TopoPSA_x,0
1586,TopoPSA.1,0
1587,TopologicalCharge,0
1588,TopologicalCharge.1,0
1589,TopologicalCharge.2,1
1590,TopologicalCharge.3,3
1591,TopologicalCharge.4,0
1592,TopologicalCharge.5,0
1593,TopologicalCharge.6,0
1594,TopologicalCharge.7,0
1595,TopologicalCharge.8,0
1596,TopologicalCharge.9,2
1597,TopologicalCharge.10,1
1598,TopologicalCharge.11,0
1599,TopologicalCharge.12,17
1600,TopologicalCharge.13,0
1601,TopologicalCharge.14,5
1602,TopologicalCharge.15,1
1603,TopologicalCharge.16,2
1604,TopologicalCharge.17,1
1605,TopologicalCharge.18,3
1606,TopologicalCharge.19,2
1607,TopologicalCharge.20,0
1608,Diameter,0
1609,Radius,0
1610,TopologicalShapeIndex,0
1611,PetitjeanIndex,0
1612,VdwVolumeABC,0
1613,VertexAdjacencyInformation,0
1614,WalkCount,0
1615,WalkCount.1,0
1616,WalkCount.2,0
1617,WalkCount.3,0
1618,WalkCount.4,0
1619,WalkCount.5,0
1620,WalkCount.6,0
1621,WalkCount.7,0
1622,WalkCount.8,0
1623,WalkCount.9,0
1624,WalkCount.10,0
1625,WalkCount.11,0
1626,WalkCount.12,0
1627,WalkCount.13,0
1628,WalkCount.14,0
1629,WalkCount.15,0
1630,WalkCount.16,1
1631,WalkCount.17,0
1632,WalkCount.18,0
1633,WalkCount.19,0
1634,WalkCount.20,0
1635,Weight,0
1636,Weight.1,0
1637,WienerIndex,0
1638,WienerIndex.1,0
1639,ZagrebIndex,0
1640,ZagrebIndex.1,0
1641,ZagrebIndex.2,0
1642,ZagrebIndex.3,0
1643,nAcid,0
1644,ALogP,5
1645,ALogp2,0
1646,AMR,0
1647,apol,0
1648,naAromAtom,0
1649,nAromBond,0
1650,nAtom,0
1651,nHeavyAtom,0
1652,nH,0
1653,nB,0
1654,nC,0
1655,nN,0
1656,nO,0
1657,nS,0
1658,nP,0
1659,nF,0
1660,nCl,0
1661,nBr,0
1662,nI,0
1663,nX,0
1664,ATS0m,0
1665,ATS1m,0
1666,ATS2m,0
1667,ATS3m,0
1668,ATS4m,0
1669,ATS5m,0
1670,ATS6m,0
1671,ATS7m,0
1672,ATS8m,0
1673,ATS0v,0
1674,ATS1v,0
1675,ATS2v,0
1676,ATS3v,0
1677,ATS4v,0
1678,ATS5v,0
1679,ATS6v,0
1680,ATS7v,0
1681,ATS8v,0
1682,ATS0e,0
1683,ATS1e,0
1684,ATS2e,0
1685,ATS3e,0
1686,ATS4e,0
1687,ATS5e,0
1688,ATS6e,0
1689,ATS7e,0
1690,ATS8e,0
1691,ATS0p,0
1692,ATS1p,0
1693,ATS2p,0
1694,ATS3p,0
1695,ATS4p,0
1696,ATS5p,0
1697,ATS6p,0
1698,ATS7p,0
1699,ATS8p,2
1700,ATS0i,0
1701,ATS1i,0
1702,ATS2i,0
1703,ATS3i,0
1704,ATS4i,0
1705,ATS5i,0
1706,ATS6i,0
1707,ATS7i,0
1708,ATS8i,0
1709,ATS0s,0
1710,ATS1s,0
1711,ATS2s,0
1712,ATS3s,0
1713,ATS4s,0
1714,ATS5s,0
1715,ATS6s,0
1716,ATS7s,0
1717,ATS8s,0
1718,AATS0m,0
1719,AATS1m,0
1720,AATS2m,0
1721,AATS3m,0
1722,AATS4m,0
1723,AATS5m,0
1724,AATS6m,0
1725,AATS7m,0
1726,AATS8m,1
1727,AATS0v,0
1728,AATS1v,0
1729,AATS2v,0
1730,AATS3v,0
1731,AATS4v,0
1732,AATS5v,0
1733,AATS6v,0
1734,AATS7v,0
1735,AATS8v,0
1736,AATS0e,0
1737,AATS1e,1
1738,AATS2e,0
1739,AATS3e,0
1740,AATS4e,0
1741,AATS5e,0
1742,AATS6e,0
1743,AATS7e,0
1744,AATS8e,0
1745,AATS0p,0
1746,AATS1p,0
1747,AATS2p,0
1748,AATS3p,0
1749,AATS4p,0
1750,AATS5p,1
1751,AATS6p,0
1752,AATS7p,0
1753,AATS8p,0
1754,AATS0i,0
1755,AATS1i,0
1756,AATS2i,2
1757,AATS3i,0
1758,AATS4i,0
1759,AATS5i,0
1760,AATS6i,0
1761,AATS7i,0
1762,AATS8i,0
1763,AATS0s,0
1764,AATS1s,0
1765,AATS2s,0
1766,AATS3s,0
1767,AATS4s,0
1768,AATS5s,0
1769,AATS6s,0
1770,AATS7s,0
1771,AATS8s,0
1772,ATSC0c,5
1773,ATSC1c,0
1774,ATSC2c,1
1775,ATSC3c,3
1776,ATSC4c,1
1777,ATSC5c,2
1778,ATSC6c,1
1779,ATSC7c,0
1780,ATSC8c,2
1781,ATSC0m,0
1782,ATSC1m,3
1783,ATSC2m,0
1784,ATSC3m,0
1785,ATSC4m,0
1786,ATSC5m,1
1787,ATSC6m,0
1788,ATSC7m,0
1789,ATSC8m,0
1790,ATSC0v,0
1791,ATSC1v,0
1792,ATSC2v,0
1793,ATSC3v,0
1794,ATSC4v,0
1795,ATSC5v,1
1796,ATSC6v,0
1797,ATSC7v,0
1798,ATSC8v,0
1799,ATSC0e,0
1800,ATSC1e,0
1801,ATSC2e,0
1802,ATSC3e,0
1803,ATSC4e,0
1804,ATSC5e,0
1805,ATSC6e,0
1806,ATSC7e,0
1807,ATSC8e,0
1808,ATSC0p,0
1809,ATSC1p,0
1810,ATSC2p,0
1811,ATSC3p,0
1812,ATSC4p,0
1813,ATSC5p,0
1814,ATSC6p,0
1815,ATSC7p,0
1816,ATSC8p,1
1817,ATSC0i,0
1818,ATSC1i,0
1819,ATSC2i,2
1820,ATSC3i,0
1821,ATSC4i,0
1822,ATSC5i,0
1823,ATSC6i,0
1824,ATSC7i,0
1825,ATSC8i,0
1826,ATSC0s,0
1827,ATSC1s,0
1828,ATSC2s,0
1829,ATSC3s,0
1830,ATSC4s,0
1831,ATSC5s,0
1832,ATSC6s,0
1833,ATSC7s,0
1834,ATSC8s,0
1835,AATSC0c,4
1836,AATSC1c,2
1837,AATSC2c,0
1838,AATSC3c,1
1839,AATSC4c,2
1840,AATSC5c,6
1841,AATSC6c,0
1842,AATSC7c,1
1843,AATSC8c,1
1844,AATSC0m,0
1845,AATSC1m,0
1846,AATSC2m,0
1847,AATSC3m,0
1848,AATSC4m,0
1849,AATSC5m,0
1850,AATSC6m,0
1851,AATSC7m,0
1852,AATSC8m,0
1853,AATSC0v,0
1854,AATSC1v,0
1855,AATSC2v,0
1856,AATSC3v,1
1857,AATSC4v,0
1858,AATSC5v,0
1859,AATSC6v,0
1860,AATSC7v,1
1861,AATSC8v,0
1862,AATSC0e,0
1863,AATSC1e,0
1864,AATSC2e,0
1865,AATSC3e,0
1866,AATSC4e,0
1867,AATSC5e,0
1868,AATSC6e,0
1869,AATSC7e,0
1870,AATSC8e,0
1871,AATSC0p,0
1872,AATSC1p,0
1873,AATSC2p,0
1874,AATSC3p,0
1875,AATSC4p,0
1876,AATSC5p,0
1877,AATSC6p,0
1878,AATSC7p,0
1879,AATSC8p,0
1880,AATSC0i,0
1881,AATSC1i,1
1882,AATSC2i,0
1883,AATSC3i,0
1884,AATSC4i,0
1885,AATSC5i,0
1886,AATSC6i,0
1887,AATSC7i,0
1888,AATSC8i,0
1889,AATSC0s,0
1890,AATSC1s,0
1891,AATSC2s,0
1892,AATSC3s,0
1893,AATSC4s,0
1894,AATSC5s,0
1895,AATSC6s,0
1896,AATSC7s,0
1897,AATSC8s,0
1898,MATS1c,0
1899,MATS2c,1
1900,MATS3c,4
1901,MATS4c,4
1902,MATS5c,5
1903,MATS6c,1
1904,MATS7c,2
1905,MATS8c,3
1906,MATS1m,0
1907,MATS2m,0
1908,MATS3m,0
1909,MATS4m,0
1910,MATS5m,0
1911,MATS6m,0
1912,MATS7m,0
1913,MATS8m,0
1914,MATS1v,0
1915,MATS2v,0
1916,MATS3v,0
1917,MATS4v,0
1918,MATS5v,0
1919,MATS6v,0
1920,MATS7v,0
1921,MATS8v,0
1922,MATS1e,0
1923,MATS2e,0
1924,MATS3e,3
1925,MATS4e,0
1926,MATS5e,0
1927,MATS6e,0
1928,MATS7e,0
1929,MATS8e,0
1930,MATS1p,0
1931,MATS2p,0
1932,MATS3p,1
1933,MATS4p,0
1934,MATS5p,2
1935,MATS6p,0
1936,MATS7p,0
1937,MATS8p,0
1938,MATS1i,0
1939,MATS2i,1
1940,MATS3i,1
1941,MATS4i,0
1942,MATS5i,0
1943,MATS6i,0
1944,MATS7i,0
1945,MATS8i,0
1946,MATS1s,0
1947,MATS2s,0
1948,MATS3s,0
1949,MATS4s,0
1950,MATS5s,0
1951,MATS6s,0
1952,MATS7s,0
1953,MATS8s,1
1954,GATS1c,0
1955,GATS2c,7
1956,GATS3c,0
1957,GATS4c,0
1958,GATS5c,0
1959,GATS6c,4
1960,GATS7c,4
1961,GATS8c,0
1962,GATS1m,0
1963,GATS2m,0
1964,GATS3m,0
1965,GATS4m,0
1966,GATS5m,0
1967,GATS6m,0
1968,GATS7m,0
1969,GATS8m,0
1970,GATS1v,0
1971,GATS2v,0
1972,GATS3v,0
1973,GATS4v,0
1974,GATS5v,1
1975,GATS6v,0
1976,GATS7v,0
1977,GATS8v,0
1978,GATS1e,0
1979,GATS2e,0
1980,GATS3e,0
1981,GATS4e,0
1982,GATS5e,0
1983,GATS6e,0
1984,GATS7e,0
1985,GATS8e,0
1986,GATS1p,0
1987,GATS2p,0
1988,GATS3p,0
1989,GATS4p,0
1990,GATS5p,0
1991,GATS6p,0
1992,GATS7p,0
1993,GATS8p,0
1994,GATS1i,0
1995,GATS2i,0
1996,GATS3i,0
1997,GATS4i,3
1998,GATS5i,0
1999,GATS6i,0
2000,GATS7i,0
2001,GATS8i,2
2002,GATS1s,0
2003,GATS2s,0
2004,GATS3s,0
2005,GATS4s,0
2006,GATS5s,0
2007,GATS6s,0
2008,GATS7s,0
2009,GATS8s,2
2010,SpAbs_DzZ,0
2011,SpMax_DzZ,0
2012,SpDiam_DzZ,0
2013,SpAD_DzZ,0
2014,SpMAD_DzZ,0
2015,EE_DzZ,1
2016,SM1_DzZ,1
2017,VE1_DzZ,3
2018,VE2_DzZ,1
2019,VE3_DzZ,1
2020,VR1_DzZ,0
2021,VR2_DzZ,3
2022,VR3_DzZ,0
2023,SpAbs_Dzm,0
2024,SpMax_Dzm,0
2025,SpDiam_Dzm,0
2026,SpAD_Dzm,0
2027,SpMAD_Dzm,0
2028,EE_Dzm,0
2029,SM1_Dzm,2
2030,VE1_Dzm,0
2031,VE2_Dzm,0
2032,VE3_Dzm,0
2033,VR1_Dzm,0
2034,VR2_Dzm,1
2035,VR3_Dzm,0
2036,SpAbs_Dzv,0
2037,SpMax_Dzv,0
2038,SpDiam_Dzv,0
2039,SpAD_Dzv,0
2040,SpMAD_Dzv,0
2041,EE_Dzv,0
2042,SM1_Dzv,4
2043,VE1_Dzv,3
2044,VE2_Dzv,1
2045,VE3_Dzv,2
2046,VR1_Dzv,0
2047,VR2_Dzv,0
2048,VR3_Dzv,1
2049,SpAbs_Dze,0
2050,SpMax_Dze,0
2051,SpDiam_Dze,0
2052,SpAD_Dze,0
2053,SpMAD_Dze,0
2054,EE_Dze,0
2055,SM1_Dze,0
2056,VE1_Dze,0
2057,VE2_Dze,0
2058,VE3_Dze,2
2059,VR1_Dze,0
2060,VR2_Dze,0
2061,VR3_Dze,0
2062,SpAbs_Dzp,1
2063,SpMax_Dzp,0
2064,SpDiam_Dzp,1
2065,SpAD_Dzp,0
2066,SpMAD_Dzp,0
2067,EE_Dzp,0
2068,SM1_Dzp,0
2069,VE1_Dzp,2
2070,VE2_Dzp,2
2071,VE3_Dzp,4
2072,VR1_Dzp,1
2073,VR2_Dzp,2
2074,VR3_Dzp,1
2075,SpAbs_Dzi,0
2076,SpMax_Dzi,0
2077,SpDiam_Dzi,0
2078,SpAD_Dzi,0
2079,SpMAD_Dzi,0
2080,EE_Dzi,0
2081,SM1_Dzi,2
2082,VE1_Dzi,1
2083,VE2_Dzi,0
2084,VE3_Dzi,1
2085,VR1_Dzi,3
2086,VR2_Dzi,2
2087,VR3_Dzi,0
2088,SpAbs_Dzs,0
2089,SpMax_Dzs,0
2090,SpDiam_Dzs,0
2091,SpAD_Dzs,0
2092,SpMAD_Dzs,0
2093,EE_Dzs,0
2094,SM1_Dzs,6
2095,VE1_Dzs,3
2096,VE2_Dzs,1
2097,VE3_Dzs,1
2098,VR1_Dzs,1
2099,VR2_Dzs,1
2100,VR3_Dzs,0
2101,nBase,0
2102,BCUTw-1l,1
2103,BCUTw-1h,0
2104,BCUTc-1l,1
2105,BCUTc-1h,2
2106,BCUTp-1l,3
2107,BCUTp-1h,2
2108,nBonds,0
2109,nBonds2,0
2110,nBondsS,0
2111,nBondsS2,0
2112,nBondsS3,0
2113,nBondsD,0
2114,nBondsD2,0
2115,nBondsT,0
2116,nBondsQ,0
2117,nBondsM,0
2118,bpol,0
2119,SpMax1_Bhm,2
2120,SpMax2_Bhm,1
2121,SpMax3_Bhm,5
2122,SpMax4_Bhm,0
2123,SpMax5_Bhm,0
2124,SpMax6_Bhm,1
2125,SpMax7_Bhm,0
2126,SpMax8_Bhm,4
2127,SpMin1_Bhm,10
2128,SpMin2_Bhm,2
2129,SpMin3_Bhm,0
2130,SpMin4_Bhm,0
2131,SpMin5_Bhm,3
2132,SpMin6_Bhm,4
2133,SpMin7_Bhm,0
2134,SpMin8_Bhm,4
2135,SpMax1_Bhv,0
2136,SpMax2_Bhv,1
2137,SpMax3_Bhv,0
2138,SpMax4_Bhv,0
2139,SpMax5_Bhv,0
2140,SpMax6_Bhv,0
2141,SpMax7_Bhv,0
2142,SpMax8_Bhv,1
2143,SpMin1_Bhv,11
2144,SpMin2_Bhv,1
2145,SpMin3_Bhv,1
2146,SpMin4_Bhv,0
2147,SpMin5_Bhv,1
2148,SpMin6_Bhv,1
2149,SpMin7_Bhv,1
2150,SpMin8_Bhv,2
2151,SpMax1_Bhe,4
2152,SpMax2_Bhe,2
2153,SpMax3_Bhe,0
2154,SpMax4_Bhe,1
2155,SpMax5_Bhe,1
2156,SpMax6_Bhe,0
2157,SpMax7_Bhe,0
2158,SpMax8_Bhe,0
2159,SpMin1_Bhe,7
2160,SpMin2_Bhe,1
2161,SpMin3_Bhe,4
2162,SpMin4_Bhe,1
2163,SpMin5_Bhe,0
2164,SpMin6_Bhe,3
2165,SpMin7_Bhe,0
2166,SpMin8_Bhe,0
2167,SpMax1_Bhp,0
2168,SpMax2_Bhp,3
2169,SpMax3_Bhp,2
2170,SpMax4_Bhp,1
2171,SpMax5_Bhp,0
2172,SpMax6_Bhp,0
2173,SpMax7_Bhp,0
2174,SpMax8_Bhp,1
2175,SpMin1_Bhp,5
2176,SpMin2_Bhp,4
2177,SpMin3_Bhp,1
2178,SpMin4_Bhp,0
2179,SpMin5_Bhp,4
2180,SpMin6_Bhp,0
2181,SpMin7_Bhp,1
2182,SpMin8_Bhp,1
2183,SpMax1_Bhi,1
2184,SpMax2_Bhi,8
2185,SpMax3_Bhi,0
2186,SpMax4_Bhi,1
2187,SpMax5_Bhi,0
2188,SpMax6_Bhi,0
2189,SpMax7_Bhi,0
2190,SpMax8_Bhi,0
2191,SpMin1_Bhi,8
2192,SpMin2_Bhi,5
2193,SpMin3_Bhi,1
2194,SpMin4_Bhi,0
2195,SpMin5_Bhi,5
2196,SpMin6_Bhi,0
2197,SpMin7_Bhi,0
2198,SpMin8_Bhi,0
2199,SpMax1_Bhs,0
2200,SpMax2_Bhs,0
2201,SpMax3_Bhs,1
2202,SpMax4_Bhs,0
2203,SpMax5_Bhs,2
2204,SpMax6_Bhs,0
2205,SpMax7_Bhs,0
2206,SpMax8_Bhs,0
2207,SpMin1_Bhs,4
2208,SpMin2_Bhs,5
2209,SpMin3_Bhs,2
2210,SpMin4_Bhs,2
2211,SpMin5_Bhs,2
2212,SpMin6_Bhs,0
2213,SpMin7_Bhs,1
2214,SpMin8_Bhs,6
2215,C1SP1,0
2216,C2SP1,0
2217,C1SP2,0
2218,C2SP2,0
2219,C3SP2,0
2220,C1SP3,0
2221,C2SP3,0
2222,C3SP3,0
2223,C4SP3,0
2224,SCH-3,0
2225,SCH-4,0
2226,SCH-5,0
2227,SCH-6,0
2228,SCH-7,0
2229,VCH-3,0
2230,VCH-4,0
2231,VCH-5,0
2232,VCH-6,0
2233,VCH-7,0
2234,SC-3,0
2235,SC-4,0
2236,SC-5,0
2237,SC-6,0
2238,VC-3,0
2239,VC-4,0
2240,VC-5,0
2241,VC-6,0
2242,SPC-4,0
2243,SPC-5,0
2244,SPC-6,0
2245,VPC-4,0
2246,VPC-5,0
2247,VPC-6,0
2248,SP-0,0
2249,SP-1,0
2250,SP-2,0
2251,SP-3,0
2252,SP-4,0
2253,SP-5,0
2254,SP-6,0
2255,SP-7,1
2256,ASP-0,0
2257,ASP-1,0
2258,ASP-2,0
2259,ASP-3,0
2260,ASP-4,0
2261,ASP-5,0
2262,ASP-6,0
2263,ASP-7,0
2264,VP-0,0
2265,VP-1,0
2266,VP-2,0
2267,VP-3,0
2268,VP-4,0
2269,VP-5,0
2270,VP-6,0
2271,VP-7,3
2272,AVP-0,0
2273,AVP-1,1
2274,AVP-2,0
2275,AVP-3,0
2276,AVP-4,0
2277,AVP-5,0
2278,AVP-6,0
2279,AVP-7,0
2280,Sv,0
2281,Sse,0
2282,Spe,0
2283,Sare,0
2284,Sp,0
2285,Si,0
2286,Mv,0
2287,Mse,1
2288,Mpe,0
2289,Mare,0
2290,Mp,0
2291,Mi,0
2292,CrippenLogP,68
2293,CrippenMR,0
2294,SpMax_Dt,0
2295,SpDiam_Dt,0
2296,SpAD_Dt,0
2297,SpMAD_Dt,2
2298,EE_Dt,0
2299,VE1_Dt,1
2300,VE2_Dt,1
2301,VE3_Dt,2
2302,VR1_Dt,2
2303,VR2_Dt,2
2304,VR3_Dt,1
2305,ECCEN,0
2306,nHBd,0
2307,nwHBd,0
2308,nHBa,0
2309,nwHBa,0
2310,nHBint2,0
2311,nHBint3,0
2312,nHBint4,0
2313,nHBint5,0
2314,nHBint6,0
2315,nHBint7,0
2316,nHBint8,0
2317,nHBint9,0
2318,nHBint10,1
2319,nHsOH,0
2320,nHdNH,0
2321,nHsSH,0
2322,nHsNH2,0
2323,nHssNH,0
2324,nHaaNH,0
2325,nHsNH3p,0
2326,nHssNH2p,0
2327,nHsssNHp,0
2328,nHtCH,0
2329,nHdCH2,0
2330,nHdsCH,0
2331,nHaaCH,0
2332,nHCHnX,0
2333,nHCsats,0
2334,nHCsatu,0
2335,nHAvin,0
2336,nHother,0
2337,nHmisc,0
2338,nsLi,0
2339,nssBe,0
2340,nssssBem,0
2341,nsBH2,0
2342,nssBH,0
2343,nsssB,0
2344,nssssBm,0
2345,nsCH3,0
2346,ndCH2,0
2347,nssCH2,0
2348,ntCH,0
2349,ndsCH,0
2350,naaCH,0
2351,nsssCH,0
2352,nddC,0
2353,ntsC,0
2354,ndssC,0
2355,naasC,0
2356,naaaC,0
2357,nssssC,0
2358,nsNH3p,0
2359,nsNH2,0
2360,nssNH2p,0
2361,ndNH,0
2362,nssNH,0
2363,naaNH,0
2364,ntN,0
2365,nsssNHp,0
2366,ndsN,0
2367,naaN,0
2368,nsssN,0
2369,nddsN,0
2370,naasN,0
2371,nssssNp,0
2372,nsOH,0
2373,ndO,0
2374,nssO,0
2375,naaO,0
2376,naOm,0
2377,nsOm,0
2378,nsF,0
2379,nsSiH3,0
2380,nssSiH2,0
2381,nsssSiH,0
2382,nssssSi,0
2383,nsPH2,0
2384,nssPH,0
2385,nsssP,0
2386,ndsssP,0
2387,nddsP,0
2388,nsssssP,0
2389,nsSH,0
2390,ndS,0
2391,nssS,0
2392,naaS,0
2393,ndssS,0
2394,nddssS,0
2395,nssssssS,0
2396,nSm,0
2397,nsCl,0
2398,nsGeH3,0
2399,nssGeH2,0
2400,nsssGeH,0
2401,nssssGe,0
2402,nsAsH2,0
2403,nssAsH,0
2404,nsssAs,0
2405,ndsssAs,0
2406,nddsAs,0
2407,nsssssAs,0
2408,nsSeH,0
2409,ndSe,0
2410,nssSe,0
2411,naaSe,0
2412,ndssSe,0
2413,nssssssSe,0
2414,nddssSe,0
2415,nsBr,0
2416,nsSnH3,0
2417,nssSnH2,0
2418,nsssSnH,0
2419,nssssSn,0
2420,nsI,0
2421,nsPbH3,0
2422,nssPbH2,0
2423,nsssPbH,0
2424,nssssPb,0
2425,SHBd,0
2426,SwHBd,0
2427,SHBa,0
2428,SwHBa,0
2429,SHBint2,0
2430,SHBint3,0
2431,SHBint4,2
2432,SHBint5,3
2433,SHBint6,1
2434,SHBint7,1
2435,SHBint8,0
2436,SHBint9,7
2437,SHBint10,0
2438,SHsOH,6
2439,SHdNH,0
2440,SHsSH,0
2441,SHsNH2,0
2442,SHssNH,0
2443,SHaaNH,0
2444,SHsNH3p,0
2445,SHssNH2p,0
2446,SHsssNHp,0
2447,SHtCH,0
2448,SHdCH2,0
2449,SHdsCH,0
2450,SHaaCH,0
2451,SHCHnX,0
2452,SHCsats,0
2453,SHCsatu,1
2454,SHAvin,0
2455,SHother,0
2456,SHmisc,0
2457,SsLi,0
2458,SssBe,0
2459,SssssBem,0
2460,SsBH2,0
2461,SssBH,0
2462,SsssB,0
2463,SssssBm,0
2464,SsCH3,0
2465,SdCH2,0
2466,SssCH2,0
2467,StCH,0
2468,SdsCH,0
2469,SaaCH,0
2470,SsssCH,0
2471,SddC,0
2472,StsC,0
2473,SdssC,0
2474,SaasC,0
2475,SaaaC,0
2476,SssssC,0
2477,SsNH3p,0
2478,SsNH2,0
2479,SssNH2p,0
2480,SdNH,0
2481,SssNH,0
2482,SaaNH,0
2483,StN,0
2484,SsssNHp,0
2485,SdsN,0
2486,SaaN,0
2487,SsssN,0
2488,SddsN,0
2489,SaasN,0
2490,SssssNp,0
2491,SsOH,0
2492,SdO,0
2493,SssO,1
2494,SaaO,0
2495,SaOm,0
2496,SsOm,0
2497,SsF,0
2498,SsSiH3,0
2499,SssSiH2,0
2500,SsssSiH,0
2501,SssssSi,0
2502,SsPH2,0
2503,SssPH,0
2504,SsssP,0
2505,SdsssP,0
2506,SddsP,0
2507,SsssssP,0
2508,SsSH,0
2509,SdS,0
2510,SssS,5
2511,SaaS,0
2512,SdssS,0
2513,SddssS,0
2514,SssssssS,0
2515,SSm,0
2516,SsCl,0
2517,SsGeH3,0
2518,SssGeH2,0
2519,SsssGeH,0
2520,SssssGe,0
2521,SsAsH2,0
2522,SssAsH,0
2523,SsssAs,0
2524,SdsssAs,0
2525,SddsAs,0
2526,SsssssAs,0
2527,SsSeH,0
2528,SdSe,0
2529,SssSe,0
2530,SaaSe,0
2531,SdssSe,0
2532,SssssssSe,0
2533,SddssSe,0
2534,SsBr,0
2535,SsSnH3,0
2536,SssSnH2,0
2537,SsssSnH,0
2538,SssssSn,0
2539,SsI,0
2540,SsPbH3,0
2541,SssPbH2,0
2542,SsssPbH,0
2543,SssssPb,0
2544,minHBd,2
2545,minwHBd,0
2546,minHBa,2
2547,minwHBa,1
2548,minHBint2,1
2549,minHBint3,4
2550,minHBint4,5
2551,minHBint5,5
2552,minHBint6,2
2553,minHBint7,4
2554,minHBint8,3
2555,minHBint9,1
2556,minHBint10,6
2557,minHsOH,9
2558,minHdNH,0
2559,minHsSH,0
2560,minHsNH2,0
2561,minHssNH,1
2562,minHaaNH,0
2563,minHsNH3p,0
2564,minHssNH2p,0
2565,minHsssNHp,0
2566,minHtCH,0
2567,minHdCH2,0
2568,minHdsCH,2
2569,minHaaCH,0
2570,minHCHnX,0
2571,minHCsats,7
2572,minHCsatu,5
2573,minHAvin,0
2574,minHother,0
2575,minHmisc,0
2576,minsLi,0
2577,minssBe,0
2578,minssssBem,0
2579,minsBH2,0
2580,minssBH,0
2581,minsssB,0
2582,minssssBm,0
2583,minsCH3,9
2584,mindCH2,0
2585,minssCH2,14
2586,mintCH,0
2587,mindsCH,0
2588,minaaCH,0
2589,minsssCH,1
2590,minddC,0
2591,mintsC,0
2592,mindssC,0
2593,minaasC,0
2594,minaaaC,0
2595,minssssC,0
2596,minsNH3p,0
2597,minsNH2,0
2598,minssNH2p,0
2599,mindNH,0
2600,minssNH,2
2601,minaaNH,0
2602,mintN,0
2603,minsssNHp,0
2604,mindsN,0
2605,minaaN,0
2606,minsssN,3
2607,minddsN,0
2608,minaasN,0
2609,minssssNp,0
2610,minsOH,15
2611,mindO,4
2612,minssO,0
2613,minaaO,0
2614,minaOm,0
2615,minsOm,0
2616,minsF,0
2617,minsSiH3,0
2618,minssSiH2,0
2619,minsssSiH,0
2620,minssssSi,0
2621,minsPH2,0
2622,minssPH,0
2623,minsssP,0
2624,mindsssP,0
2625,minddsP,0
2626,minsssssP,0
2627,minsSH,0
2628,mindS,0
2629,minssS,0
2630,minaaS,0
2631,mindssS,0
2632,minddssS,0
2633,minssssssS,0
2634,minSm,0
2635,minsCl,0
2636,minsGeH3,0
2637,minssGeH2,0
2638,minsssGeH,0
2639,minssssGe,0
2640,minsAsH2,0
2641,minssAsH,0
2642,minsssAs,0
2643,mindsssAs,0
2644,minddsAs,0
2645,minsssssAs,0
2646,minsSeH,0
2647,mindSe,0
2648,minssSe,0
2649,minaaSe,0
2650,mindssSe,0
2651,minssssssSe,0
2652,minddssSe,0
2653,minsBr,0
2654,minsSnH3,0
2655,minssSnH2,0
2656,minsssSnH,0
2657,minssssSn,0
2658,minsI,0
2659,minsPbH3,0
2660,minssPbH2,0
2661,minsssPbH,0
2662,minssssPb,0
2663,maxHBd,9
2664,maxwHBd,0
2665,maxHBa,0
2666,maxwHBa,2
2667,maxHBint2,4
2668,maxHBint3,0
2669,maxHBint4,2
2670,maxHBint5,1
2671,maxHBint6,4
2672,maxHBint7,7
2673,maxHBint8,3
2674,maxHBint9,5
2675,maxHBint10,0
2676,maxHsOH,0
2677,maxHdNH,0
2678,maxHsSH,0
2679,maxHsNH2,0
2680,maxHssNH,0
2681,maxHaaNH,0
2682,maxHsNH3p,0
2683,maxHssNH2p,0
2684,maxHsssNHp,0
2685,maxHtCH,0
2686,maxHdCH2,0
2687,maxHdsCH,2
2688,maxHaaCH,0
2689,maxHCHnX,0
2690,maxHCsats,0
2691,maxHCsatu,0
2692,maxHAvin,0
2693,maxHother,0
2694,maxHmisc,0
2695,maxsLi,0
2696,maxssBe,0
2697,maxssssBem,0
2698,maxsBH2,0
2699,maxssBH,0
2700,maxsssB,0
2701,maxssssBm,0
2702,maxsCH3,4
2703,maxdCH2,0
2704,maxssCH2,8
2705,maxtCH,0
2706,maxdsCH,6
2707,maxaaCH,0
2708,maxsssCH,6
2709,maxddC,0
2710,maxtsC,0
2711,maxdssC,6
2712,maxaasC,0
2713,maxaaaC,0
2714,maxssssC,0
2715,maxsNH3p,0
2716,maxsNH2,0
2717,maxssNH2p,0
2718,maxdNH,0
2719,maxssNH,1
2720,maxaaNH,0
2721,maxtN,0
2722,maxsssNHp,0
2723,maxdsN,0
2724,maxaaN,0
2725,maxsssN,5
2726,maxddsN,0
2727,maxaasN,0
2728,maxssssNp,0
2729,maxsOH,0
2730,maxdO,0
2731,maxssO,0
2732,maxaaO,0
2733,maxaOm,0
2734,maxsOm,0
2735,maxsF,0
2736,maxsSiH3,0
2737,maxssSiH2,0
2738,maxsssSiH,0
2739,maxssssSi,0
2740,maxsPH2,0
2741,maxssPH,0
2742,maxsssP,0
2743,maxdsssP,0
2744,maxddsP,0
2745,maxsssssP,0
2746,maxsSH,0
2747,maxdS,0
2748,maxssS,0
2749,maxaaS,0
2750,maxdssS,0
2751,maxddssS,0
2752,maxssssssS,0
2753,maxSm,0
2754,maxsCl,0
2755,maxsGeH3,0
2756,maxssGeH2,0
2757,maxsssGeH,0
2758,maxssssGe,0
2759,maxsAsH2,0
2760,maxssAsH,0
2761,maxsssAs,0
2762,maxdsssAs,0
2763,maxddsAs,0
2764,maxsssssAs,0
2765,maxsSeH,0
2766,maxdSe,0
2767,maxssSe,0
2768,maxaaSe,0
2769,maxdssSe,0
2770,maxssssssSe,0
2771,maxddssSe,0
2772,maxsBr,0
2773,maxsSnH3,0
2774,maxssSnH2,0
2775,maxsssSnH,0
2776,maxssssSn,0
2777,maxsI,0
2778,maxsPbH3,0
2779,maxssPbH2,0
2780,maxsssPbH,0
2781,maxssssPb,0
2782,sumI,0
2783,meanI,2
2784,hmax,0
2785,gmax,0
2786,hmin,1
2787,gmin,5
2788,LipoaffinityIndex,11
2789,MAXDN,2
2790,MAXDP,0
2791,DELS,0
2792,MAXDN2,2
2793,MAXDP2,0
2794,DELS2,0
2795,ETA_Alpha,0
2796,ETA_AlphaP,0
2797,ETA_dAlpha_A,0
2798,ETA_dAlpha_B,0
2799,ETA_Epsilon_1,0
2800,ETA_Epsilon_2,0
2801,ETA_Epsilon_3,0
2802,ETA_Epsilon_4,0
2803,ETA_Epsilon_5,0
2804,ETA_dEpsilon_A,0
2805,ETA_dEpsilon_B,0
2806,ETA_dEpsilon_C,0
2807,ETA_dEpsilon_D,0
2808,ETA_Psi_1,0
2809,ETA_dPsi_A,0
2810,ETA_dPsi_B,0
2811,ETA_Shape_P,0
2812,ETA_Shape_Y,0
2813,ETA_Shape_X,0
2814,ETA_Beta,0
2815,ETA_BetaP,0
2816,ETA_Beta_s,0
2817,ETA_BetaP_s,0
2818,ETA_Beta_ns,0
2819,ETA_BetaP_ns,0
2820,ETA_dBeta,0
2821,ETA_dBetaP,0
2822,ETA_Beta_ns_d,0
2823,ETA_BetaP_ns_d,0
2824,ETA_Eta,0
2825,ETA_EtaP,2
2826,ETA_Eta_R,0
2827,ETA_Eta_F,0
2828,ETA_EtaP_F,0
2829,ETA_Eta_L,0
2830,ETA_EtaP_L,0
2831,ETA_Eta_R_L,0
2832,ETA_Eta_F_L,0
2833,ETA_EtaP_F_L,1
2834,ETA_Eta_B,0
2835,ETA_EtaP_B,1
2836,ETA_Eta_B_RC,0
2837,ETA_EtaP_B_RC,0
2838,FMF,0
2839,fragC,0
2840,nHBAcc,0
2841,nHBAcc2,0
2842,nHBAcc3,1
2843,nHBAcc_Lipinski,0
2844,nHBDon,0
2845,nHBDon_Lipinski,0
2846,HybRatio,0
2847,IC0,0
2848,IC1,0
2849,IC2,3
2850,IC3,1
2851,IC4,0
2852,IC5,3
2853,TIC0,0
2854,TIC1,0
2855,TIC2,0
2856,TIC3,0
2857,TIC4,0
2858,TIC5,3
2859,SIC0,0
2860,SIC1,0
2861,SIC2,1
2862,SIC3,0
2863,SIC4,0
2864,SIC5,3
2865,CIC0,0
2866,CIC1,0
2867,CIC2,0
2868,CIC3,0
2869,CIC4,1
2870,CIC5,1
2871,BIC0,0
2872,BIC1,0
2873,BIC2,3
2874,BIC3,0
2875,BIC4,0
2876,BIC5,0
2877,MIC0,0
2878,MIC1,0
2879,MIC2,0
2880,MIC3,2
2881,MIC4,0
2882,MIC5,3
2883,ZMIC0,0
2884,ZMIC1,0
2885,ZMIC2,2
2886,ZMIC3,1
2887,ZMIC4,3
2888,ZMIC5,1
2889,Kier1,0
2890,Kier2,0
2891,Kier3,0
2892,nAtomLC,0
2893,nAtomP,0
2894,nAtomLAC,0
2895,MLogP,1
2896,McGowan_Volume,0
2897,MDEC-11,2
2898,MDEC-12,1
2899,MDEC-13,0
2900,MDEC-14,0
2901,MDEC-22,1
2902,MDEC-23,0
2903,MDEC-24,0
2904,MDEC-33,0
2905,MDEC-34,0
2906,MDEC-44,0
2907,MDEO-11,0
2908,MDEO-12,0
2909,MDEO-22,0
2910,MDEN-11,0
2911,MDEN-12,0
2912,MDEN-13,4
2913,MDEN-22,3
2914,MDEN-23,2
2915,MDEN-33,3
2916,MLFER_A,1
2917,MLFER_BH,1
2918,MLFER_BO,0
2919,MLFER_S,0
2920,MLFER_E,0
2921,MLFER_L,1
2922,MPC2,0
2923,MPC3,0
2924,MPC4,0
2925,MPC5,0
2926,MPC6,0
2927,MPC7,0
2928,MPC8,0
2929,MPC9,0
2930,MPC10,0
2931,TPC,0
2932,piPC1,0
2933,piPC2,0
2934,piPC3,0
2935,piPC4,0
2936,piPC5,0
2937,piPC6,0
2938,piPC7,0
2939,piPC8,0
2940,piPC9,0
2941,piPC10,1
2942,TpiPC,0
2943,R_TpiPCTPC,1
2944,PetitjeanNumber,0
2945,nRing,0
2946,n3Ring,0
2947,n4Ring,0
2948,n5Ring,0
2949,n6Ring,0
2950,n7Ring,0
2951,n8Ring,0
2952,n9Ring,0
2953,n10Ring,0
2954,n11Ring,0
2955,n12Ring,0
2956,nG12Ring,0
2957,nFRing,0
2958,nF4Ring,0
2959,nF5Ring,0
2960,nF6Ring,0
2961,nF7Ring,0
2962,nF8Ring,0
2963,nF9Ring,0
2964,nF10Ring,0
2965,nF11Ring,0
2966,nF12Ring,0
2967,nFG12Ring,0
2968,nTRing,0
2969,nT4Ring,0
2970,nT5Ring,0
2971,nT6Ring,0
2972,nT7Ring,0
2973,nT8Ring,0
2974,nT9Ring,0
2975,nT10Ring,0
2976,nT11Ring,0
2977,nT12Ring,0
2978,nTG12Ring,0
2979,nHeteroRing,0
2980,n3HeteroRing,0
2981,n4HeteroRing,0
2982,n5HeteroRing,0
2983,n6HeteroRing,0
2984,n7HeteroRing,0
2985,n8HeteroRing,0
2986,n9HeteroRing,0
2987,n10HeteroRing,0
2988,n11HeteroRing,0
2989,n12HeteroRing,0
2990,nG12HeteroRing,0
2991,nFHeteroRing,0
2992,nF4HeteroRing,0
2993,nF5HeteroRing,0
2994,nF6HeteroRing,0
2995,nF7HeteroRing,0
2996,nF8HeteroRing,0
2997,nF9HeteroRing,0
2998,nF10HeteroRing,0
2999,nF11HeteroRing,0
3000,nF12HeteroRing,0
3001,nFG12HeteroRing,0
3002,nTHeteroRing,0
3003,nT4HeteroRing,0
3004,nT5HeteroRing,0
3005,nT6HeteroRing,0
3006,nT7HeteroRing,0
3007,nT8HeteroRing,0
3008,nT9HeteroRing,0
3009,nT10HeteroRing,0
3010,nT11HeteroRing,0
3011,nT12HeteroRing,0
3012,nTG12HeteroRing,0
3013,nRotB,0
3014,RotBFrac,7
3015,nRotBt,1
3016,RotBtFrac,1
3017,LipinskiFailures,0
3018,topoRadius,0
3019,topoDiameter,0
3020,topoShape,0
3021,GGI1,0
3022,GGI2,0
3023,GGI3,0
3024,GGI4,0
3025,GGI5,0
3026,GGI6,0
3027,GGI7,0
3028,GGI8,0
3029,GGI9,0
3030,GGI10,0
3031,JGI1,0
3032,JGI2,0
3033,JGI3,0
3034,JGI4,0
3035,JGI5,0
3036,JGI6,0
3037,JGI7,0
3038,JGI8,0
3039,JGI9,0
3040,JGI10,0
3041,JGT,0
3042,SpMax_D,0
3043,SpDiam_D,0
3044,SpAD_D,0
3045,SpMAD_D,0
3046,EE_D,0
3047,VE1_D,1
3048,VE2_D,2
3049,VE3_D,3
3050,VR1_D,1
3051,VR2_D,1
3052,VR3_D,0
3053,TopoPSA_y,0
3054,VABC,0
3055,VAdjMat,0
3056,MWC2,0
3057,MWC3,0
3058,MWC4,0
3059,MWC5,0
3060,MWC6,0
3061,MWC7,0
3062,MWC8,0
3063,MWC9,0
3064,MWC10,0
3065,TWC,0
3066,SRW2,0
3067,SRW3,0
3068,SRW4,0
3069,SRW5,0
3070,SRW6,0
3071,SRW7,0
3072,SRW8,0
3073,SRW9,0
3074,SRW10,0
3075,TSRW,0
3076,MW,0
3077,AMW,0
3078,WTPT-1,0
3079,WTPT-2,0
3080,WTPT-3,0
3081,WTPT-4,0
3082,WTPT-5,0
3083,WPATH,0
3084,WPOL,0
3085,XLogP,30
3086,Zagreb,0
3087,3d_rdkit_1,4
3088,3d_rdkit_2,1
3089,3d_rdkit_3,2
3090,3d_rdkit_4,10
3091,3d_rdkit_5,9
3092,3d_rdkit_6,3
3093,3d_rdkit_7,2
3094,3d_rdkit_8,2
3095,3d_rdkit_9,11
3096,3d_rdkit_10,6
3097,3d_rdkit_11,5
3098,TDB1u,3
3099,TDB2u,1
3100,TDB3u,2
3101,TDB4u,8
3102,TDB5u,5
3103,TDB6u,5
3104,TDB7u,4
3105,TDB8u,3
3106,TDB9u,2
3107,TDB10u,2
3108,TDB1m,3
3109,TDB2m,0
3110,TDB3m,2
3111,TDB4m,1
3112,TDB5m,1
3113,TDB6m,2
3114,TDB7m,1
3115,TDB8m,11
3116,TDB9m,1
3117,TDB10m,1
3118,TDB1v,1
3119,TDB2v,1
3120,TDB3v,1
3121,TDB4v,3
3122,TDB5v,3
3123,TDB6v,0
3124,TDB7v,0
3125,TDB8v,4
3126,TDB9v,1
3127,TDB10v,2
3128,TDB1e,6
3129,TDB2e,1
3130,TDB3e,2
3131,TDB4e,0
3132,TDB5e,7
3133,TDB6e,2
3134,TDB7e,1
3135,TDB8e,4
3136,TDB9e,0
3137,TDB10e,5
3138,TDB1p,0
3139,TDB2p,2
3140,TDB3p,0
3141,TDB4p,2
3142,TDB5p,1
3143,TDB6p,3
3144,TDB7p,0
3145,TDB8p,8
3146,TDB9p,1
3147,TDB10p,3
3148,TDB1i,14
3149,TDB2i,16
3150,TDB3i,1
3151,TDB4i,5
3152,TDB5i,6
3153,TDB6i,6
3154,TDB7i,6
3155,TDB8i,2
3156,TDB9i,4
3157,TDB10i,3
3158,TDB1s,3
3159,TDB2s,1
3160,TDB3s,3
3161,TDB4s,1
3162,TDB5s,1
3163,TDB6s,2
3164,TDB7s,2
3165,TDB8s,4
3166,TDB9s,1
3167,TDB10s,0
3168,TDB1r,0
3169,TDB2r,0
3170,TDB3r,2
3171,TDB4r,3
3172,TDB5r,2
3173,TDB6r,0
3174,TDB7r,0
3175,TDB8r,3
3176,TDB9r,1
3177,TDB10r,1
3178,PPSA-1,0
3179,PPSA-2,0
3180,PPSA-3,3
3181,PNSA-1,2
3182,PNSA-2,1
3183,PNSA-3,3
3184,DPSA-1,5
3185,DPSA-2,2
3186,DPSA-3,0
3187,FPSA-1,3
3188,FPSA-2,8
3189,FPSA-3,8
3190,FNSA-1,0
3191,FNSA-2,6
3192,FNSA-3,3
3193,WPSA-1,0
3194,WPSA-2,0
3195,WPSA-3,2
3196,WNSA-1,3
3197,WNSA-2,1
3198,WNSA-3,1
3199,RPCG_y,1
3200,RNCG_y,5
3201,RPCS,24
3202,RNCS,11
3203,THSA,1
3204,TPSA_y,2
3205,RHSA,4
3206,RPSA,2
3207,GRAV-1,0
3208,GRAV-2,0
3209,GRAV-3,0
3210,GRAVH-1,0
3211,GRAVH-2,0
3212,GRAVH-3,0
3213,GRAV-4,1
3214,GRAV-5,0
3215,GRAV-6,0
3216,LOBMAX,5
3217,LOBMIN,1
3218,MOMI-X,2
3219,MOMI-Y,0
3220,MOMI-Z,2
3221,MOMI-XY,10
3222,MOMI-XZ,2
3223,MOMI-YZ,1
3224,MOMI-R,0
3225,geomRadius,1
3226,geomDiameter,1
3227,geomShape,10
3228,RDF10u,5
3229,RDF15u,1
3230,RDF20u,3
3231,RDF25u,3
3232,RDF30u,0
3233,RDF35u,1
3234,RDF40u,0
3235,RDF45u,0
3236,RDF50u,2
3237,RDF55u,0
3238,RDF60u,0
3239,RDF65u,2
3240,RDF70u,2
3241,RDF75u,1
3242,RDF80u,0
3243,RDF85u,3
3244,RDF90u,1
3245,RDF95u,0
3246,RDF100u,2
3247,RDF105u,0
3248,RDF110u,0
3249,RDF115u,0
3250,RDF120u,1
3251,RDF125u,1
3252,RDF130u,0
3253,RDF135u,0
3254,RDF140u,0
3255,RDF145u,1
3256,RDF150u,1
3257,RDF155u,1
3258,RDF10m,0
3259,RDF15m,3
3260,RDF20m,17
3261,RDF25m,1
3262,RDF30m,1
3263,RDF35m,3
3264,RDF40m,9
3265,RDF45m,4
3266,RDF50m,1
3267,RDF55m,5
3268,RDF60m,5
3269,RDF65m,5
3270,RDF70m,1
3271,RDF75m,3
3272,RDF80m,3
3273,RDF85m,2
3274,RDF90m,2
3275,RDF95m,3
3276,RDF100m,2
3277,RDF105m,4
3278,RDF110m,6
3279,RDF115m,1
3280,RDF120m,3
3281,RDF125m,6
3282,RDF130m,3
3283,RDF135m,2
3284,RDF140m,5
3285,RDF145m,3
3286,RDF150m,0
3287,RDF155m,3
3288,RDF10v,1
3289,RDF15v,2
3290,RDF20v,4
3291,RDF25v,0
3292,RDF30v,0
3293,RDF35v,2
3294,RDF40v,5
3295,RDF45v,1
3296,RDF50v,6
3297,RDF55v,4
3298,RDF60v,1
3299,RDF65v,1
3300,RDF70v,6
3301,RDF75v,2
3302,RDF80v,2
3303,RDF85v,1
3304,RDF90v,0
3305,RDF95v,1
3306,RDF100v,1
3307,RDF105v,1
3308,RDF110v,2
3309,RDF115v,2
3310,RDF120v,2
3311,RDF125v,0
3312,RDF130v,0
3313,RDF135v,0
3314,RDF140v,2
3315,RDF145v,0
3316,RDF150v,1
3317,RDF155v,2
3318,RDF10e,0
3319,RDF15e,0
3320,RDF20e,0
3321,RDF25e,2
3322,RDF30e,1
3323,RDF35e,2
3324,RDF40e,0
3325,RDF45e,0
3326,RDF50e,0
3327,RDF55e,3
3328,RDF60e,7
3329,RDF65e,0
3330,RDF70e,0
3331,RDF75e,0
3332,RDF80e,0
3333,RDF85e,4
3334,RDF90e,1
3335,RDF95e,3
3336,RDF100e,1
3337,RDF105e,2
3338,RDF110e,0
3339,RDF115e,4
3340,RDF120e,3
3341,RDF125e,1
3342,RDF130e,0
3343,RDF135e,0
3344,RDF140e,1
3345,RDF145e,0
3346,RDF150e,1
3347,RDF155e,0
3348,RDF10p,9
3349,RDF15p,2
3350,RDF20p,2
3351,RDF25p,1
3352,RDF30p,1
3353,RDF35p,2
3354,RDF40p,4
3355,RDF45p,5
3356,RDF50p,2
3357,RDF55p,2
3358,RDF60p,1
3359,RDF65p,3
3360,RDF70p,4
3361,RDF75p,1
3362,RDF80p,2
3363,RDF85p,1
3364,RDF90p,2
3365,RDF95p,4
3366,RDF100p,5
3367,RDF105p,1
3368,RDF110p,0
3369,RDF115p,1
3370,RDF120p,0
3371,RDF125p,0
3372,RDF130p,0
3373,RDF135p,1
3374,RDF140p,1
3375,RDF145p,1
3376,RDF150p,1
3377,RDF155p,2
3378,RDF10i,2
3379,RDF15i,0
3380,RDF20i,0
3381,RDF25i,1
3382,RDF30i,3
3383,RDF35i,1
3384,RDF40i,0
3385,RDF45i,1
3386,RDF50i,1
3387,RDF55i,0
3388,RDF60i,0
3389,RDF65i,2
3390,RDF70i,0
3391,RDF75i,3
3392,RDF80i,1
3393,RDF85i,1
3394,RDF90i,1
3395,RDF95i,3
3396,RDF100i,1
3397,RDF105i,1
3398,RDF110i,3
3399,RDF115i,0
3400,RDF120i,0
3401,RDF125i,0
3402,RDF130i,0
3403,RDF135i,0
3404,RDF140i,5
3405,RDF145i,1
3406,RDF150i,0
3407,RDF155i,1
3408,RDF10s,2
3409,RDF15s,3
3410,RDF20s,2
3411,RDF25s,4
3412,RDF30s,7
3413,RDF35s,4
3414,RDF40s,5
3415,RDF45s,6
3416,RDF50s,5
3417,RDF55s,3
3418,RDF60s,5
3419,RDF65s,5
3420,RDF70s,5
3421,RDF75s,3
3422,RDF80s,2
3423,RDF85s,4
3424,RDF90s,10
3425,RDF95s,2
3426,RDF100s,0
3427,RDF105s,1
3428,RDF110s,3
3429,RDF115s,3
3430,RDF120s,3
3431,RDF125s,3
3432,RDF130s,3
3433,RDF135s,2
3434,RDF140s,0
3435,RDF145s,3
3436,RDF150s,3
3437,RDF155s,3
3438,L1u,1
3439,L2u,0
3440,L3u,1
3441,P1u,1
3442,P2u,3
3443,E1u,1
3444,E2u,1
3445,E3u,4
3446,Tu,0
3447,Au,0
3448,Vu,1
3449,Ku,6
3450,Du,4
3451,L1m,1
3452,L2m,0
3453,L3m,5
3454,P1m,1
3455,P2m,9
3456,E1m,11
3457,E2m,8
3458,E3m,7
3459,Tm,1
3460,Am,1
3461,Vm,2
3462,Km,3
3463,Dm,9
3464,L1v,1
3465,L2v,0
3466,L3v,0
3467,P1v,1
3468,P2v,1
3469,E1v,8
3470,E2v,1
3471,E3v,2
3472,Tv,0
3473,Av,0
3474,Vv,3
3475,Kv,1
3476,Dv,5
3477,L1e,0
3478,L2e,0
3479,L3e,0
3480,P1e,1
3481,P2e,0
3482,E1e,5
3483,E2e,0
3484,E3e,3
3485,Te,0
3486,Ae,0
3487,Ve,0
3488,Ke,1
3489,De,3
3490,L1p,0
3491,L2p,0
3492,L3p,1
3493,P1p,1
3494,P2p,0
3495,E1p,15
3496,E2p,5
3497,E3p,8
3498,Tp,0
3499,Ap,1
3500,Vp,1
3501,Kp,4
3502,Dp,4
3503,L1i,2
3504,L2i,2
3505,L3i,3
3506,P1i,1
3507,P2i,0
3508,E1i,5
3509,E2i,0
3510,E3i,2
3511,Ti,2
3512,Ai,0
3513,Vi,1
3514,Ki,0
3515,Di,3
3516,L1s,1
3517,L2s,0
3518,L3s,3
3519,P1s,0
3520,P2s,3
3521,E1s,5
3522,E2s,1
3523,E3s,1
3524,Ts,0
3525,As,0
3526,Vs,1
3527,Ks,0
3528,Ds,0
