,Model,Y Train pred,Y Test actual,Test prediction folds,Test Predictions Mean,Test Predictions Std
0,LGBMRegressor,"[-6.25368196693837, -5.313844324151128, -5.248774058941825, -5.911110312760179, -5.449557155880845, -5.6181663199463285, -5.436679686487688, -5.419114328276486, -6.233519093261346, -5.77697473609282, -5.339495456445293, -5.752806728140986, -5.120990617877813, -5.4279389199396855, -5.287042619026869, -5.975155093931986, -5.38036284929289, -5.441079644011486, -5.436343777432138, -5.762116940071138, -5.119407021453949, -5.465755434327989, -6.027353792583513, -5.735991383607163, -5.1416486397736705, -5.79392412688792, -4.858125641073436, -5.686974017311827, -6.030388588686862, -5.845319555075772, -5.747031579283477, -5.9891152370529674, -5.803884870109759, -5.838475690282341, -6.310072068849648, -5.410780797766743, -6.564067983051481, -6.463293901740838, -6.286491010824333, -6.133130612988882, -5.899960654579728, -6.333361007399732, -5.208245456441635, -5.540040245885038, -5.159565553261633, -5.987517554574677, -5.816789126955091, -6.24639940219434, -5.57392165658922, -6.006461186772888, -5.432754227917168, -5.531976859302669, -6.030938205494102, -5.519111366213753, -5.5489160272084606, -5.395068090271975, -6.124360767979571, -6.367211207570546, -5.36709906355829, -5.836653325279995, -5.8451577574115, -5.6840657917424275, -5.716037118584984, -6.438227449032155, -5.957024980454999, -6.544671285172779, -5.951330363894393, -6.561334109780687, -5.7815386753251, -5.485812582094048, -6.296176875711178, -5.250180703467856, -5.431290833522943, -5.953859986489176, -5.070260501981932, -4.974566429961952, -5.380701513862668, -5.162321931598265, -5.1200820511169844, -4.64872550811662, -4.739691415999024, -4.754222998114555, -4.914349755792439, -5.001006964836099, -6.415993105232582, -6.138968962418315, -5.992899111472234, -5.384677408537596, -5.39716191431046, -5.672244883179322, -6.194821081624714, -5.919841544286771, -6.281442284608262, -5.841026300059383, -5.475602752905661, -5.985640142956791, -5.6123838546101545, -5.445861430327728, -5.652457350255685, -5.472078731542274, -5.002097532152404, -5.843598972031053, -5.99903864813824, -5.4153464518846315, -4.649286419081716, -4.720214317845617, -4.650647323161524, -6.044261042400464, -6.011525848650763, -5.227413640562875, -5.427852903769897, -5.1801394222952135, -5.774052044348434, -6.336289558356029, -6.21817753873147, -6.252507199061196, -5.777523996205286, -5.284597899395875, -5.90014193138374, -5.474654182483391, -5.541460387199946, -6.346600073521909, -5.5455780469523175, -5.926309292290528, -5.926309292290528, -5.926309292290528, -5.759400504378773, -5.269171963445473, -5.795966333564376, -5.824471134060786, -5.5058092096644335, -5.041111985829836, -5.046912899771667, -5.397741306045388, -5.896691453078385, -5.9247454019843095, -5.890314104029961, -5.064139374410475, -4.865234516903494, -5.575976436678871]","0    -6.340
1    -5.950
2    -6.240
3    -7.000
4    -6.210
5    -4.990
6    -5.140
7    -5.210
8    -6.100
9    -5.400
10   -6.540
11   -6.230
12   -6.220
13   -5.900
14   -5.820
15   -5.440
16   -5.960
17   -5.020
18   -6.630
19   -5.020
20   -6.560
21   -6.220
22   -5.750
23   -5.130
24   -5.040
25   -5.805
26   -5.440
27   -6.400
28   -6.310
29   -4.710
30   -4.570
31   -5.060
32   -4.490
33   -4.600
34   -4.750
Name: Permeability, dtype: float64","[array([-6.1353278 , -5.852076  , -6.57379446, -6.16696021, -6.2757299 ,
       -5.24877406, -5.50985979, -5.65797199, -5.79751001, -5.44023748,
       -6.31037079, -6.57413055, -6.37001482, -5.98962375, -5.59161075,
       -5.62050233, -5.98817505, -5.12099062, -5.50819068, -5.72408053,
       -5.48151714, -6.07268769, -5.90175108, -5.54276977, -5.13423614,
       -5.77008687, -5.34254216, -5.11646065, -6.02735379, -5.73599138,
       -4.93761057, -5.19595334, -4.6042341 , -4.80286492, -4.89855775]), array([-6.04395816, -5.88601169, -6.18868924, -6.25664289, -6.27113228,
       -5.24142419, -5.56728953, -5.53206752, -5.93234351, -5.45003067,
       -6.16450888, -6.51886491, -6.26171233, -6.10810574, -5.5761434 ,
       -5.54004025, -5.96601958, -5.15956555, -5.71110752, -5.50430328,
       -5.68179247, -6.10144883, -5.83117718, -5.48522027, -5.45553853,
       -5.77946809, -5.22628661, -5.22577828, -6.05134752, -5.70133344,
       -4.88315716, -5.22992499, -4.66346193, -5.21351649, -5.20240504]), array([-6.28811501, -6.12436077, -6.5609865 , -6.26031083, -6.2641983 ,
       -5.28030924, -5.67832761, -5.5631748 , -5.58725369, -5.43598682,
       -6.02708487, -6.5615234 , -6.39516664, -5.95764693, -5.52104969,
       -5.64254763, -6.01857506, -5.02613218, -5.51060176, -5.62352418,
       -5.63323664, -6.19942044, -5.71433889, -5.31514725, -5.08115219,
       -5.81554553, -5.32705675, -5.32249014, -6.04862606, -5.66474743,
       -4.96344453, -5.20318208, -4.77718426, -5.04099323, -4.98391553]), array([-6.29237534, -5.92431002, -6.08853063, -6.27462317, -5.98936125,
       -5.39716191, -5.47076446, -5.37553016, -5.92153357, -5.43449824,
       -6.1184242 , -6.47417694, -6.44345348, -5.91218863, -5.85058066,
       -5.47560275, -5.98031369, -5.02721798, -5.24727136, -5.69450607,
       -5.49120064, -6.18211013, -5.66311579, -5.42649361, -5.08764993,
       -5.49989727, -5.1376815 , -5.3018869 , -5.99903865, -5.65771762,
       -4.91937734, -5.16981691, -4.64012679, -5.07625843, -5.02627331]), array([-6.08991411, -5.78783108, -6.49071302, -6.27131589, -6.11841684,
       -5.27583559, -5.69872299, -5.6558653 , -5.86003747, -5.51489864,
       -6.11482442, -6.59249679, -6.402449  , -6.0455676 , -5.68623948,
       -5.92630929, -6.02495492, -5.05879603, -5.63616618, -5.80997508,
       -5.5495892 , -6.16933572, -5.7860705 , -5.43610546, -5.19505769,
       -5.85442837, -5.25917725, -5.2832914 , -5.9247454 , -5.8903141 ,
       -4.83197007, -5.21370409, -4.62210589, -4.90535362, -4.95016061])]","[-6.16993808 -5.91491791 -6.38054277 -6.2459706  -6.18376771 -5.288701
 -5.58499287 -5.55692195 -5.81973565 -5.45513037 -6.14704263 -6.54423852
 -6.37455925 -6.00262653 -5.6451248  -5.64100045 -5.99560766 -5.07854047
 -5.5226675  -5.67127783 -5.56746722 -6.14500056 -5.77929069 -5.44114727
 -5.1907269  -5.74388523 -5.25854885 -5.24998147 -6.01022228 -5.7300208
 -4.90711193 -5.20251628 -4.66142259 -5.00779734 -5.01226245]","[0.1024005  0.11392125 0.20205074 0.04006379 0.11368667 0.05626539
 0.09016921 0.10349949 0.12586455 0.03037174 0.09298177 0.04259954
 0.06116207 0.0683243  0.11568867 0.15451412 0.02259808 0.05317433
 0.15785423 0.10268935 0.07863779 0.04910549 0.08420221 0.07534682
 0.13853999 0.12556892 0.07402482 0.07412805 0.04667118 0.08490102
 0.0457692  0.01994577 0.06111426 0.14184588 0.10386477]"
1,DecisionTreeRegressor,"[-6.13, -4.9, -5.05, -5.92, -5.28, -5.74, -5.08, -5.24, -6.18, -5.14, -5.64, -5.08, -4.95, -5.24, -5.49, -5.890000000000001, -5.49, -5.49, -5.46, -5.92, -4.51, -5.6, -5.890000000000001, -5.890000000000001, -5.225, -5.35, -4.9, -5.53, -6.13, -5.76, -5.75, -5.56, -5.75, -6.46, -6.7, -5.18, -6.66, -6.66, -6.49, -6.15, -6.34, -6.34, -5.28, -5.5375000000000005, -4.95, -6.49, -6.02, -6.22, -5.16, -6.2, -5.16, -4.9, -6.3, -5.51, -5.51, -5.51, -5.87, -6.65, -5.56, -6.66, -5.57, -5.79, -5.79, -6.66, -5.64, -6.58, -6.58, -6.58, -4.92, -5.26, -6.4, -5.46, -5.36, -6.12, -4.64, -5.49, -5.51, -5.35, -5.49, -4.52, -4.52, -4.73, -4.52, -4.85, -6.78, -7.0, -7.0, -5.01, -5.56, -5.64, -6.3100000000000005, -6.66, -6.15, -5.79, -5.4750000000000005, -6.89, -5.46, -5.46, -5.72, -5.72, -4.92, -5.805, -5.834, -5.6, -4.62, -4.74, -4.74, -5.805, -5.805, -5.53, -5.53, -5.51, -5.57, -6.65, -5.64, -5.84, -7.0, -4.9, -5.87, -5.18, -5.12, -6.49, -5.41, -5.975, -5.975, -5.975, -5.39, -5.21, -5.41, -5.92, -5.36, -5.39, -5.26, -5.12, -5.883333333333333, -5.883333333333333, -5.883333333333333, -4.79, -4.57, -5.58]","0    -6.340
1    -5.950
2    -6.240
3    -7.000
4    -6.210
5    -4.990
6    -5.140
7    -5.210
8    -6.100
9    -5.400
10   -6.540
11   -6.230
12   -6.220
13   -5.900
14   -5.820
15   -5.440
16   -5.960
17   -5.020
18   -6.630
19   -5.020
20   -6.560
21   -6.220
22   -5.750
23   -5.130
24   -5.040
25   -5.805
26   -5.440
27   -6.400
28   -6.310
29   -4.710
30   -4.570
31   -5.060
32   -4.490
33   -4.600
34   -4.750
Name: Permeability, dtype: float64","[array([-6.13 , -5.76 , -7.   , -6.89 , -6.42 , -4.9  , -5.45 , -5.64 ,
       -5.19 , -5.32 , -5.91 , -6.65 , -6.49 , -5.335, -5.41 , -5.6  ,
       -6.66 , -4.95 , -5.14 , -5.92 , -5.14 , -5.2  , -5.84 , -5.225,
       -5.02 , -6.12 , -5.51 , -5.6  , -5.89 , -5.89 , -4.51 , -5.02 ,
       -4.52 , -5.6  , -4.85 ]), array([-6.13  , -5.76  , -5.45  , -5.4   , -5.4   , -5.01  , -5.4   ,
       -6.46  , -6.7   , -5.18  , -5.28  , -6.66  , -6.02  , -6.02  ,
       -5.41  , -5.5375, -6.05  , -4.95  , -5.75  , -5.24  , -5.75  ,
       -5.84  , -6.2   , -5.16  , -4.9   , -6.12  , -5.54  , -5.225 ,
       -5.865 , -5.865 , -5.24  , -5.225 , -4.6   , -6.    , -5.51  ]), array([-6.05 , -5.87 , -7.   , -6.89 , -6.66 , -5.35 , -5.01 , -6.65 ,
       -6.7  , -5.32 , -5.28 , -6.65 , -6.5  , -6.5  , -5.41 , -5.6  ,
       -6.46 , -4.95 , -5.01 , -5.92 , -5.01 , -6.04 , -5.86 , -4.92 ,
       -5.09 , -6.15 , -5.2  , -5.35 , -5.865, -5.865, -5.35 , -4.92 ,
       -4.52 , -5.35 , -5.31 ]), array([-6.66 , -5.76 , -6.66 , -6.89 , -6.66 , -5.35 , -5.45 , -5.12 ,
       -5.64 , -5.32 , -6.93 , -5.84 , -6.5  , -5.1  , -5.79 , -5.475,
       -5.85 , -4.95 , -5.6  , -6.   , -5.834, -6.31 , -5.834, -5.51 ,
       -5.09 , -5.51 , -4.92 , -5.6  , -5.834, -5.834, -5.51 , -5.51 ,
       -4.62 , -4.92 , -5.51 ]), array([-6.66      , -5.76      , -6.89      , -6.89      , -6.89      ,
       -5.05      , -5.64      , -5.87      , -5.4       , -5.42      ,
       -5.39      , -6.66      , -5.92      , -6.185     , -6.2       ,
       -5.975     , -5.84      , -4.95      , -5.33      , -5.92      ,
       -5.33      , -6.2       , -5.89      , -6.15      , -4.74      ,
       -6.12      , -5.09      , -5.39      , -5.88333333, -5.88333333,
       -6.15      , -5.12      , -4.62      , -4.85      , -5.51      ])]","[-6.326      -5.782      -6.6        -6.592      -6.406      -5.132
 -5.39       -5.948      -5.926      -5.312      -5.758      -6.492
 -6.286      -5.828      -5.644      -5.6375     -6.172      -4.95
 -5.366      -5.8        -5.4128     -5.918      -5.9248     -5.393
 -4.968      -6.004      -5.252      -5.433      -5.86746667 -5.86746667
 -5.352      -5.159      -4.576      -5.344      -5.338     ]","[0.27426994 0.044      0.58825165 0.596      0.52450357 0.18465102
 0.20697826 0.55524409 0.64781479 0.07652451 0.63072657 0.32603067
 0.25996923 0.52705408 0.31455365 0.175      0.3316263  0.
 0.27615937 0.28170907 0.32699749 0.39234679 0.13898259 0.4226062
 0.13347659 0.24727313 0.24028317 0.14681962 0.01945091 0.01945091
 0.52598099 0.20274121 0.04630335 0.42888693 0.256     ]"
2,RandomForestRegressor,"[-6.121699999999995, -5.093249999999996, -5.1675, -6.016120000000001, -5.692324999999995, -5.7199, -5.6626999999999965, -5.4782888888888825, -5.954449999999995, -5.728483333333331, -5.47589, -5.805125000000001, -5.15927571428571, -5.566009999999999, -5.262433333333332, -5.9879516666666674, -5.2259666666666655, -5.312025000000001, -5.4857142857142795, -5.707583333333339, -5.025088888888887, -5.509344642857147, -5.895518293650796, -5.895518293650796, -5.257223214285717, -5.856740000000001, -4.864016666666666, -5.590212499999995, -6.020845, -5.940199999999997, -5.991399999999998, -5.693524999999997, -5.900899999999999, -6.138855000000003, -6.102599999999998, -5.497841666666663, -6.418999999999995, -6.255099999999998, -6.108900000000002, -5.869728846153846, -5.89115, -6.251149999999999, -5.4310366666666665, -5.524571443001443, -5.109151666666662, -5.537449999999996, -5.757649999999997, -6.139057142857152, -5.54, -5.857803333333333, -5.3013821428571415, -5.2084157509157505, -6.128484639804637, -5.244970512820512, -5.3591538461538475, -5.293399999999996, -6.1457999999999995, -6.439525, -5.434999999999997, -6.029766666666665, -5.80085, -5.846191666666666, -5.819066666666666, -6.5257, -5.826400000000001, -6.215574999999998, -6.054999999999999, -6.353232142857146, -5.559999999999997, -5.400850000000003, -6.2255124999999945, -5.085803571428565, -5.441275000000001, -6.010464285714286, -4.826730952380948, -5.174424999999997, -5.354324999999998, -5.1098249999999945, -5.16303095238095, -4.666199999999993, -4.707099999999993, -4.803099999999999, -4.840099999999999, -4.927400000000003, -6.164024285714282, -6.007849999999998, -5.888299999999998, -5.2926, -5.365100000000001, -5.874724999999995, -6.200537142857144, -5.904300000000002, -6.212599999999998, -5.994571428571427, -5.440838690476189, -5.948476666666669, -5.5601349999999945, -5.484783333333333, -5.614660000000008, -5.464975000000001, -4.968133333333336, -5.832699365079361, -5.881459801587303, -5.328021666666667, -4.7028, -4.818900000000002, -4.723850000000002, -5.813466031746027, -5.821302698412694, -5.346899999999996, -5.442899999999995, -5.271200000000001, -5.844199999999997, -6.268899999999998, -5.969166666666666, -6.061466666666666, -6.469299999999997, -5.227499999999993, -5.894299999999996, -5.458275000000001, -5.449675000000003, -6.35855, -5.586365000000002, -5.934666666666674, -5.934666666666674, -5.934666666666674, -5.664100000000001, -5.286974999999995, -5.88696428571429, -5.8939000000000075, -5.598249999999998, -5.18845, -5.267799999999998, -5.473504999999998, -5.880143333333333, -5.880143333333333, -5.880143333333333, -5.157600000000005, -4.768700000000001, -5.4868]","0    -6.340
1    -5.950
2    -6.240
3    -7.000
4    -6.210
5    -4.990
6    -5.140
7    -5.210
8    -6.100
9    -5.400
10   -6.540
11   -6.230
12   -6.220
13   -5.900
14   -5.820
15   -5.440
16   -5.960
17   -5.020
18   -6.630
19   -5.020
20   -6.560
21   -6.220
22   -5.750
23   -5.130
24   -5.040
25   -5.805
26   -5.440
27   -6.400
28   -6.310
29   -4.710
30   -4.570
31   -5.060
32   -4.490
33   -4.600
34   -4.750
Name: Permeability, dtype: float64","[array([-6.03746667, -5.8912    , -6.5527    , -6.3791    , -6.3781    ,
       -5.34355   , -5.5624    , -5.905425  , -6.04085   , -5.52363889,
       -6.0494    , -6.4964    , -6.399     , -6.01835417, -5.56514   ,
       -5.60711452, -5.972905  , -5.15927571, -5.47290833, -5.673075  ,
       -5.55945238, -5.81233333, -5.88187083, -5.51735556, -5.12088333,
       -5.76502083, -5.45986964, -5.41913056, -5.89551829, -5.89551829,
       -4.94243889, -5.222925  , -4.6508    , -5.01508333, -5.0733    ]), array([-6.15320333, -5.9242    , -6.07459048, -6.1195    , -6.216     ,
       -5.3198    , -5.40016667, -5.56494   , -6.0667    , -5.449275  ,
       -6.008     , -6.3154375 , -6.23631667, -6.09331667, -5.58455   ,
       -5.52457144, -5.87817421, -5.10915167, -5.58163718, -5.46308333,
       -5.59500385, -5.856415  , -5.8725252 , -5.25385714, -5.22759211,
       -5.74425   , -5.29670714, -5.41774286, -5.87261799, -5.87261799,
       -4.88396667, -5.22834286, -4.6479    , -5.1380631 , -5.24315   ]), array([-6.26675   , -6.1458    , -6.3504    , -6.3762    , -6.5363    ,
       -5.4141    , -5.89      , -5.62674   , -6.0721    , -5.4518    ,
       -5.92700714, -6.3905    , -6.19985   , -5.958675  , -5.634     ,
       -5.59752131, -5.80484773, -5.03880833, -5.5403    , -5.63179167,
       -5.6195    , -5.92585   , -5.81320413, -5.325285  , -5.071785  ,
       -5.811875  , -5.27758333, -5.37030714, -5.8531615 , -5.8531615 ,
       -5.042125  , -5.27525667, -4.787     , -4.93769524, -4.9908    ]), array([-6.1965    , -5.9189    , -6.0298    , -6.1285    , -6.1112    ,
       -5.3151    , -5.6732    , -5.445725  , -6.15675   , -5.4045    ,
       -6.1228    , -6.4634    , -6.33235   , -6.1016    , -6.00597143,
       -5.44083869, -5.82173571, -5.00327143, -5.4313    , -5.582175  ,
       -5.69172048, -6.1177    , -5.78184595, -5.40057833, -5.01508429,
       -5.520525  , -5.260325  , -5.2850975 , -5.8814598 , -5.8814598 ,
       -5.084025  , -5.295545  , -4.6932    , -4.937025  , -5.013125  ]), array([-6.1776    , -5.9746    , -6.5097    , -6.4932    , -6.5055    ,
       -5.2518    , -5.8134    , -5.676525  , -5.9196    , -5.4783    ,
       -5.79945   , -6.5815    , -6.30295   , -5.9315    , -5.699215  ,
       -5.93466667, -5.86452262, -5.0029    , -5.56913333, -5.458425  ,
       -5.573495  , -6.05104583, -5.91704167, -5.3536    , -5.15349167,
       -5.65994167, -5.291525  , -5.403085  , -5.88014333, -5.88014333,
       -4.980225  , -5.353645  , -4.7182    , -4.983025  , -5.014075  ])]","[-6.166304   -5.97094    -6.3034381  -6.2993     -6.34942    -5.32887
 -5.66783333 -5.643871   -6.0512     -5.46150278 -5.98133143 -6.4494475
 -6.29409333 -6.02068917 -5.69777529 -5.62094253 -5.86843705 -5.06268143
 -5.51905577 -5.56171    -5.60783434 -5.95266883 -5.85329756 -5.37013521
 -5.11776728 -5.7003225  -5.31720202 -5.37907261 -5.87658018 -5.87658018
 -4.98655611 -5.2751429  -4.69942    -5.00217833 -5.06689   ]","[0.07469871 0.09147751 0.21639313 0.14925116 0.16410808 0.05232842
 0.17512174 0.15183029 0.07647685 0.03907946 0.11080603 0.09085214
 0.07038092 0.06874188 0.16091383 0.16786148 0.05873381 0.06190837
 0.05780341 0.08732403 0.04659956 0.11540487 0.0489127  0.08764263
 0.0721188  0.1024863  0.07244037 0.05016927 0.0138513  0.0138513
 0.07085068 0.04794954 0.05114655 0.07402849 0.09228051]"
3,GradientBoostingRegressor,"[-6.401541217193528, -4.946065205819494, -5.061963078102855, -5.760262866671666, -5.385313301888749, -5.662373651641556, -5.313987806463373, -5.396212592901066, -6.432312281403918, -5.466212176422299, -5.530156337531653, -5.772123740618192, -4.966810685205691, -5.28921363149366, -5.256606042238345, -6.179153450141661, -5.306758805485757, -5.424199245251353, -5.384937044181931, -5.782422199977901, -5.056970568461667, -5.510384067264324, -5.892761651135803, -5.892761651135803, -5.176244875473729, -5.975216774456121, -4.781939665750907, -5.599550332344629, -5.919893060764293, -5.820998057409452, -5.883679886493021, -6.011912521060705, -5.755462531013554, -5.860728825683859, -6.220304379867722, -5.397033310803926, -6.718226912979818, -6.645058361280467, -6.416916860388733, -6.2447182431082275, -6.2288045278070046, -6.36517272406527, -5.213211040099352, -5.534041902813391, -4.972406514446712, -6.031586197055778, -5.737225321903855, -6.2212438020480905, -5.583889067848799, -5.885861859782657, -5.322473000653588, -5.155682172207653, -6.277765627055623, -5.15351736182827, -5.270186408082274, -5.40837075199239, -6.001332092520332, -6.626419322203091, -5.468127913219718, -5.8870343680948025, -5.74298135803575, -5.703765262172531, -5.67064342904884, -6.689878610548466, -5.981980468561922, -6.397509808740839, -5.962645627894984, -6.52421467047121, -5.440863148958727, -5.386667266421826, -6.392022252966284, -5.023459777307539, -5.34320130990092, -6.060806329076989, -4.733326041543676, -5.164742538784134, -5.3061781179784075, -5.051147204062472, -5.047096776043214, -4.553546241278354, -4.591259083659186, -4.693140171397684, -4.7624633752075445, -4.921710601542122, -5.9920828113737095, -6.067949053096354, -6.098614669986905, -5.1331502909253395, -5.422515076188305, -5.731924806420089, -6.192664777921746, -6.33115754675016, -6.327345775086043, -5.916330623285852, -5.471588696572739, -6.315985139583633, -5.465939627633991, -5.345935631061878, -5.666358685058304, -5.834901740591868, -5.266395145278147, -5.80210801906465, -5.831606478284788, -5.3199871162676935, -4.626361457271367, -4.791698621300276, -4.726057368289533, -5.860983564018076, -5.866193921932227, -5.351582738599296, -5.430124064915809, -5.394156329050077, -5.727755576089333, -6.157409382891848, -5.901039665454657, -5.9250140618207086, -6.4955903310137755, -5.204881452150146, -5.701501784451158, -5.2508162299408205, -5.355360320204198, -6.681329307899354, -5.443653808189638, -5.970146689069981, -5.970146689069981, -5.970146689069981, -6.1524182775256415, -5.2232211342368835, -5.860892035656976, -5.832610498158978, -5.432380924814777, -5.03254367925613, -5.248298417932085, -5.384308343520327, -5.893262422924296, -5.893262422924296, -5.893262422924296, -5.0088280034183175, -4.8089810431690605, -5.528609650700454]","0    -6.340
1    -5.950
2    -6.240
3    -7.000
4    -6.210
5    -4.990
6    -5.140
7    -5.210
8    -6.100
9    -5.400
10   -6.540
11   -6.230
12   -6.220
13   -5.900
14   -5.820
15   -5.440
16   -5.960
17   -5.020
18   -6.630
19   -5.020
20   -6.560
21   -6.220
22   -5.750
23   -5.130
24   -5.040
25   -5.805
26   -5.440
27   -6.400
28   -6.310
29   -4.710
30   -4.570
31   -5.060
32   -4.490
33   -4.600
34   -4.750
Name: Permeability, dtype: float64","[array([-6.07767451, -5.79314913, -6.57638466, -6.47146688, -6.33815155,
       -5.31701796, -5.2865022 , -5.57791571, -5.79139376, -5.4133669 ,
       -5.95349967, -6.67326846, -6.33640852, -5.68984598, -5.59053944,
       -5.59842515, -6.13958093, -4.96681069, -5.34718171, -5.61481853,
       -5.39133002, -5.94471208, -5.77231549, -5.47799885, -5.18908656,
       -5.87089003, -5.53126259, -5.30298035, -5.89276165, -5.89276165,
       -4.9948135 , -5.11709004, -4.62260323, -4.91889879, -4.99761324]), array([-6.19875571, -5.77530493, -6.00752315, -6.06965677, -6.32312606,
       -5.13631738, -5.25666149, -5.6176096 , -5.97595225, -5.33379297,
       -5.81423902, -6.66317086, -6.40639038, -6.02096427, -5.45402878,
       -5.5340419 , -5.93295176, -4.97240651, -5.55640515, -5.45437706,
       -5.49183806, -6.00931235, -5.78262642, -5.3707938 , -5.1230215 ,
       -5.51645421, -5.15692926, -5.24914177, -5.8675538 , -5.8675538 ,
       -5.05898264, -5.25145561, -4.62540057, -5.1218623 , -5.22472864]), array([-6.16338682, -6.00133209, -6.5565761 , -6.61121704, -6.84355634,
       -5.1584607 , -5.64036083, -5.38145597, -5.87387288, -5.43179811,
       -5.90779165, -6.63262382, -6.515176  , -6.18430681, -5.40493192,
       -5.59574387, -5.89590988, -4.96501769, -5.41234689, -5.57813319,
       -5.56115971, -6.21957132, -5.73880765, -5.34718583, -5.06067318,
       -5.80203759, -5.38041685, -5.39276732, -5.8646476 , -5.8646476 ,
       -5.09450964, -5.19197968, -4.63036186, -5.00338648, -5.03697272]), array([-6.35264717, -5.79177976, -5.93346593, -6.45802955, -6.3595041 ,
       -5.31438934, -5.48339914, -5.20141825, -6.0140727 , -5.3989931 ,
       -6.12037241, -6.55759747, -6.44749898, -5.97373132, -5.95697913,
       -5.4715887 , -5.74550953, -4.95735938, -5.36002663, -5.60921599,
       -5.59295995, -6.06881128, -5.75462469, -5.39679537, -5.19989435,
       -5.41015988, -5.24969726, -5.31735201, -5.83160648, -5.83160648,
       -5.28955781, -5.24340209, -4.61850288, -5.06290188, -5.01466392]), array([-6.23834685, -5.79518585, -6.34272963, -6.55111955, -6.48601415,
       -5.07611743, -5.43202106, -5.60768353, -5.70124415, -5.25691565,
       -6.28486316, -6.67000258, -6.56783202, -6.02046704, -5.60363491,
       -5.97014669, -5.81261242, -4.96140002, -5.51922261, -5.59649249,
       -5.55860394, -6.13937306, -5.71987008, -5.46344268, -5.09295251,
       -5.56447517, -5.22811537, -5.32349859, -5.89326242, -5.89326242,
       -4.94894316, -5.37329888, -4.69521179, -4.98882714, -5.09491469])]","[-6.20616221 -5.83135035 -6.28333589 -6.43229796 -6.47007044 -5.20046056
 -5.41978894 -5.47721661 -5.87130715 -5.36697335 -6.01615318 -6.63933264
 -6.45466118 -5.97786308 -5.60202284 -5.63398926 -5.9053129  -4.96459886
 -5.4390366  -5.57060745 -5.51917834 -6.07635602 -5.75364887 -5.41124331
 -5.13312562 -5.63280338 -5.30928427 -5.31714801 -5.86996639 -5.86996639
 -5.07736135 -5.23544526 -4.63841606 -5.01917532 -5.07377864]","[0.09042939 0.08528531 0.26927572 0.18964997 0.19543085 0.09788253
 0.13944444 0.16254658 0.11545281 0.06417712 0.16703516 0.04332711
 0.08103671 0.16078728 0.19332641 0.17440915 0.13406292 0.00507286
 0.08437702 0.05946665 0.0719072  0.09629504 0.02258478 0.05124323
 0.05395372 0.17498656 0.13242754 0.04600918 0.0226624  0.0226624
 0.11744323 0.08392911 0.02865871 0.06882196 0.08232014]"
4,AdaBoostRegressor,"[-6.055918367346937, -5.198, -5.236428571428571, -5.917424242424242, -5.641981132075469, -5.800000000000001, -5.633235294117648, -5.641981132075469, -6.152499999999998, -5.670289855072463, -5.547272727272728, -5.7374431818181835, -5.109583333333334, -5.612833333333331, -5.315217391304347, -6.030769230769228, -5.452222222222222, -5.502285714285713, -5.529411764705882, -5.851451612903221, -5.372702702702701, -5.416346153846155, -5.916399999999999, -5.916399999999999, -5.372702702702701, -5.9914285714285676, -4.956428571428573, -5.502285714285713, -5.8514285714285705, -5.8514285714285705, -5.8514285714285705, -5.4399999999999995, -5.8105882352941185, -6.46, -6.028333333333333, -5.485454545454545, -6.425999999999998, -6.298333333333333, -6.1850000000000005, -5.883101265822789, -5.962500000000001, -6.134285714285715, -5.244761904761904, -5.591538461538461, -5.297434210526318, -5.626176470588234, -6.085, -6.0763043478260865, -5.300121951219513, -5.961060606060601, -5.356282051282053, -5.356282051282053, -5.950869565217393, -5.15, -5.15, -5.2875, -6.090172413793104, -6.515714285714287, -5.327142857142858, -6.187083333333334, -5.7185, -5.878571428571424, -5.878571428571424, -6.262580645161291, -5.662448979591838, -5.988039215686271, -5.828024691358029, -6.187083333333334, -5.574193548387093, -5.4475, -6.090172413793104, -5.2385714285714275, -5.5295, -5.91828571428571, -5.021999999999999, -5.316428571428572, -5.451586538461536, -5.2217391304347816, -5.291200000000001, -4.86640625, -4.875000000000001, -4.965714285714286, -4.927777777777779, -5.021999999999999, -6.553333333333334, -6.132884615384613, -6.012735849056599, -5.302777777777779, -5.371111111111111, -5.906547619047619, -6.014444444444444, -5.863170731707311, -5.901, -5.660946969696968, -5.459166666666667, -6.039047619047614, -5.341333333333333, -5.660946969696968, -5.749824561403505, -5.589821428571428, -5.0825, -5.907368421052628, -5.919999999999997, -5.3742857142857146, -4.983289473684209, -4.983289473684209, -4.944230769230769, -5.906547619047619, -5.906547619047619, -5.35, -5.454, -5.220000000000001, -5.628181818181817, -6.070937499999997, -5.7281875, -5.7281875, -6.8325, -5.229439655172411, -5.688717948717949, -5.500937500000001, -5.470967741935483, -6.2227500000000004, -5.470967741935483, -5.9910000000000005, -5.9910000000000005, -5.9910000000000005, -5.606249999999998, -5.154519230769229, -6.034375, -6.034375, -5.672142857142858, -5.165200000000002, -5.256818181818182, -5.566071428571429, -5.769833333333334, -5.769833333333334, -5.769833333333334, -5.165200000000002, -4.996710526315791, -5.430810810810809]","0    -6.340
1    -5.950
2    -6.240
3    -7.000
4    -6.210
5    -4.990
6    -5.140
7    -5.210
8    -6.100
9    -5.400
10   -6.540
11   -6.230
12   -6.220
13   -5.900
14   -5.820
15   -5.440
16   -5.960
17   -5.020
18   -6.630
19   -5.020
20   -6.560
21   -6.220
22   -5.750
23   -5.130
24   -5.040
25   -5.805
26   -5.440
27   -6.400
28   -6.310
29   -4.710
30   -4.570
31   -5.060
32   -4.490
33   -4.600
34   -4.750
Name: Permeability, dtype: float64","[array([-6.06230769, -5.94892857, -6.67333333, -6.62181818, -6.62181818,
       -5.33375   , -5.54863636, -5.78769231, -5.91742424, -5.55652174,
       -6.06103448, -6.34916667, -6.32340909, -5.80625   , -5.61935484,
       -5.61935484, -5.91742424, -5.10958333, -5.77638889, -5.60105263,
       -5.7363125 , -5.63323529, -5.87666667, -5.52537037, -5.13020833,
       -5.85571429, -5.40426471, -5.41634615, -5.9164    , -5.9164    ,
       -5.02896552, -5.3727027 , -4.87277778, -4.9548    , -5.10958333]), array([-6.07630435, -5.97022727, -6.02833333, -5.93333333, -5.97022727,
       -5.28666667, -5.35628205, -5.5355    , -5.97355769, -5.53066038,
       -6.38857143, -6.25846154, -6.24821429, -6.01571429, -5.39083333,
       -5.59153846, -5.97022727, -5.29743421, -5.68285714, -5.4       ,
       -5.69943396, -5.81058824, -5.95086957, -5.38643939, -5.32596154,
       -5.81058824, -5.39083333, -5.48545455, -5.9325    , -5.9325    ,
       -4.845     , -5.25105769, -4.845     , -5.0068    , -5.05944444]), array([-6.26258065, -6.09017241, -6.52909091, -6.51571429, -6.64545455,
       -5.2912    , -5.52868421, -5.62833333, -5.905     , -5.52868421,
       -5.74428571, -6.26258065, -6.488     , -5.92418182, -5.45158654,
       -5.59034483, -5.91813559, -5.18840909, -5.44857143, -5.60892857,
       -5.47428571, -6.        , -5.905     , -5.43419355, -5.07037879,
       -5.79869565, -5.43419355, -5.66137255, -5.91813559, -5.91813559,
       -4.95421053, -5.364     , -4.91931034, -4.96571429, -4.975     ]), array([-6.13555556, -5.91044444, -6.25454545, -6.60285714, -6.60285714,
       -5.324     , -5.38882353, -5.53666667, -5.99072289, -5.54666667,
       -5.92      , -6.51375   , -6.01444444, -5.92305556, -5.72174603,
       -5.45916667, -5.94      , -5.1756    , -5.420625  , -5.73      ,
       -5.58982143, -6.01444444, -5.91044444, -5.35      , -5.1756    ,
       -5.58982143, -5.40668919, -5.34      , -5.92      , -5.92      ,
       -5.1053    , -5.46076923, -4.87      , -5.09      , -5.19666667]), array([-6.06      , -5.956     , -6.69777778, -6.61071429, -6.60478261,
       -5.20538462, -5.47833333, -5.67214286, -5.71925   , -5.54403846,
       -5.68871795, -6.46642857, -6.19906977, -5.79      , -5.54403846,
       -5.991     , -5.83326923, -5.12325   , -5.54403846, -5.62204545,
       -5.47096774, -6.09      , -5.83326923, -5.342     , -5.12325   ,
       -5.5009375 , -5.29588235, -5.27      , -5.76983333, -5.76983333,
       -5.1       , -5.32590909, -4.8872    , -5.0524    , -5.0524    ])]","[-6.11934965 -5.97515454 -6.43661616 -6.45688745 -6.48902795 -5.28820026
 -5.4601519  -5.63206703 -5.90119097 -5.54131429 -5.96052191 -6.37007748
 -6.25462752 -5.89184033 -5.54551184 -5.65028096 -5.91581127 -5.17885533
 -5.57449618 -5.59240533 -5.59416427 -5.90965359 -5.89524998 -5.40760066
 -5.16507973 -5.71115142 -5.38637263 -5.43463465 -5.89137379 -5.89137379
 -5.00669521 -5.35488774 -4.87885762 -5.01394286 -5.07861889]","[0.07669004 0.0608202  0.2579289  0.26447741 0.25985107 0.04522429
 0.07580689 0.09409108 0.09657479 0.01039577 0.2512396  0.10428449
 0.15492535 0.0837404  0.11769524 0.17922811 0.04553546 0.06641293
 0.13635529 0.10693777 0.1103222  0.16606592 0.03900366 0.06729928
 0.08709494 0.13954279 0.04738801 0.13445259 0.06103345 0.06103345
 0.09780045 0.06816412 0.024363   0.05126116 0.0730562 ]"
5,XGBRegressor,"[-6.1960697, -4.9505773, -5.049124, -6.1801257, -5.3741474, -5.711153, -5.3808684, -5.459672, -6.3264766, -5.54075, -5.269984, -6.086884, -4.95061, -5.362644, -5.3661766, -5.9866157, -5.427756, -5.3979874, -5.4375362, -5.714083, -4.970604, -5.4013925, -5.8900833, -5.8900833, -5.1830606, -5.517354, -4.8299904, -5.6329107, -5.895098, -5.7211804, -5.892972, -6.0922756, -5.716671, -6.4627542, -5.605086, -5.2885575, -6.252618, -6.375704, -6.4825335, -5.9552135, -5.88727, -6.2997313, -5.2879286, -5.537565, -4.9504647, -5.5197015, -5.9282756, -6.220151, -5.6527114, -5.7521834, -5.205225, -5.408276, -6.299386, -4.843012, -5.3127112, -5.389587, -6.0614, -6.498675, -5.500648, -6.1650996, -5.561374, -5.544414, -5.392265, -6.6666956, -6.415656, -6.019662, -6.004168, -6.483438, -5.746537, -5.3763742, -6.399966, -4.9364576, -5.3800735, -6.0856404, -4.679155, -4.902678, -5.1648474, -5.2368245, -5.234891, -4.577985, -4.643619, -4.700385, -4.704052, -5.017939, -6.5045466, -5.908686, -5.9224067, -5.108411, -5.6940594, -5.6314154, -6.23494, -6.0627613, -6.44159, -5.8938456, -5.474981, -6.1850324, -5.4603057, -5.437463, -5.6957707, -5.803015, -5.3742948, -5.804668, -5.8340054, -5.5562177, -4.650826, -4.7097077, -4.6921587, -5.8177967, -5.8122945, -5.28679, -5.4968667, -5.4182563, -5.593918, -6.242093, -5.590642, -5.5696135, -6.4918795, -5.0351686, -5.8668013, -5.199541, -5.190154, -6.2337303, -5.498534, -5.974975, -5.974975, -5.974975, -5.371906, -5.210405, -5.8786664, -5.8147826, -5.560248, -5.2356753, -5.2816753, -5.343967, -5.883582, -5.883582, -5.883582, -5.219729, -4.597365, -5.4143176]","0    -6.340
1    -5.950
2    -6.240
3    -7.000
4    -6.210
5    -4.990
6    -5.140
7    -5.210
8    -6.100
9    -5.400
10   -6.540
11   -6.230
12   -6.220
13   -5.900
14   -5.820
15   -5.440
16   -5.960
17   -5.020
18   -6.630
19   -5.020
20   -6.560
21   -6.220
22   -5.750
23   -5.130
24   -5.040
25   -5.805
26   -5.440
27   -6.400
28   -6.310
29   -4.710
30   -4.570
31   -5.060
32   -4.490
33   -4.600
34   -4.750
Name: Permeability, dtype: float64","[array([-6.137565 , -5.7603493, -6.3802547, -6.5126853, -6.4099607,
       -5.2046647, -5.3307543, -5.868045 , -5.47751  , -5.324455 ,
       -5.84806  , -6.646064 , -6.304572 , -6.097837 , -5.412612 ,
       -5.5999956, -6.2043123, -4.95061  , -5.3957953, -5.754152 ,
       -5.364132 , -5.4847555, -5.911207 , -5.4811397, -4.985408 ,
       -5.8392444, -5.435064 , -5.494492 , -5.8900833, -5.8900833,
       -4.7522707, -5.3261166, -4.581786 , -4.98617  , -5.324152 ],
      dtype=float32), array([-6.2450824, -5.760325 , -5.727371 , -5.61275  , -6.1554866,
       -5.122502 , -5.4948354, -5.58036  , -6.2249417, -5.2273326,
       -6.117044 , -6.408503 , -6.395618 , -6.1721177, -5.4132004,
       -5.537565 , -5.888192 , -4.9504647, -5.7028823, -5.162367 ,
       -5.5668783, -6.0905085, -5.800564 , -5.1959662, -5.514826 ,
       -5.4507194, -5.274702 , -5.602536 , -5.865049 , -5.865049 ,
       -4.94439  , -5.2714186, -4.596841 , -5.33241  , -5.4518585],
      dtype=float32), array([-6.549422 , -6.0614   , -6.853531 , -6.816866 , -6.816079 ,
       -5.332499 , -5.192865 , -5.7217145, -6.336949 , -5.2899466,
       -5.759181 , -6.5830355, -6.4363627, -6.1073203, -5.465884 ,
       -5.5999722, -6.201293 , -4.95013  , -5.285891 , -5.3010817,
       -5.3158455, -6.052092 , -5.751354 , -5.244989 , -5.112907 ,
       -6.0855947, -5.454057 , -5.2450113, -5.8650146, -5.8650146,
       -5.4740214, -5.0611973, -4.6465964, -5.0586553, -5.0173006],
      dtype=float32), array([-6.4558506, -5.7608027, -5.972977 , -6.197848 , -6.1403785,
       -5.2985954, -5.39079  , -5.190468 , -5.9060655, -5.2421546,
       -6.4435186, -6.677601 , -6.538188 , -5.9481726, -6.0080714,
       -5.474981 , -5.8542423, -4.950113 , -5.2740293, -5.892172 ,
       -5.7910604, -6.142179 , -5.8009243, -5.4349713, -5.0130982,
       -5.642518 , -5.2478786, -5.1327605, -5.8340054, -5.8340054,
       -5.16167  , -5.244984 , -4.621252 , -5.2913737, -5.3104186],
      dtype=float32), array([-6.3595047, -5.760207 , -6.301793 , -6.733778 , -6.7463355,
       -5.0545464, -5.395564 , -5.4912996, -5.407415 , -5.297241 ,
       -5.831822 , -6.6687503, -6.235062 , -6.0753126, -5.884628 ,
       -5.974975 , -5.8782654, -4.950207 , -5.725565 , -5.93115  ,
       -5.6851935, -6.272667 , -5.9203033, -5.4496765, -5.104524 ,
       -5.7532372, -5.0827274, -5.5742474, -5.883582 , -5.883582 ,
       -5.3020163, -5.447052 , -4.5467663, -5.0452833, -5.042687 ],
      dtype=float32)]","[-6.349485  -5.8206167 -6.2471857 -6.3747854 -6.4536486 -5.2025614
 -5.360962  -5.5703773 -5.870576  -5.276226  -5.999925  -6.5967913
 -6.3819604 -6.080152  -5.6368794 -5.637498  -6.005261  -4.950305
 -5.4768324 -5.608185  -5.5446224 -6.0084405 -5.8368707 -5.361348
 -5.1461525 -5.754263  -5.2988863 -5.40981   -5.867547  -5.867547
 -5.126874  -5.270154  -4.5986485 -5.142779  -5.2292833]","[1.4642315e-01 1.2039173e-01 3.8307732e-01 4.3711144e-01 2.8494522e-01
 1.0433478e-01 9.9174835e-02 2.2899479e-01 3.7771878e-01 3.6075845e-02
 2.5289184e-01 9.9777497e-02 1.0499643e-01 7.3417380e-02 2.5640997e-01
 1.7498788e-01 1.6167226e-01 1.9786708e-04 1.9855537e-01 3.1601503e-01
 1.8215540e-01 2.7224553e-01 6.6948228e-02 1.1701532e-01 1.9094527e-01
 2.1053705e-01 1.3603945e-01 1.8722665e-01 1.9507466e-02 1.9507466e-02
 2.5535271e-01 1.2547728e-01 3.4027331e-02 1.4081825e-01 1.7022197e-01]"
6,ExtraTreesRegressor,"[-6.147699999999997, -5.032499999999996, -5.043700000000001, -5.919499999999999, -5.45434999999999, -5.729600000000001, -5.452949999999995, -5.334049999999996, -6.374299999999994, -5.934599999999998, -5.453824999999999, -5.9622, -4.949999999999992, -5.356050000000003, -5.3668999999999984, -6.014799999999999, -5.3295, -5.343600000000002, -5.445699999999993, -5.735600000000006, -5.049249999999995, -5.457300000000004, -5.88999999999999, -5.88999999999999, -5.210700000000007, -5.845849999999996, -4.885049999999998, -5.559499999999991, -5.849899999999999, -5.8224499999999955, -5.787274999999999, -5.804924999999998, -5.715350000000001, -6.1448, -6.1907999999999985, -5.523975, -6.698099999999996, -6.588699999999999, -6.426350000000005, -5.8827, -5.923075, -6.319799999999998, -5.475850000000003, -5.53750000000001, -4.949999999999992, -5.650124999999999, -5.766599999999996, -6.220000000000016, -5.675675, -5.847649999999996, -5.259274999999998, -5.215425, -6.299999999999998, -5.029149999999998, -5.241250000000001, -5.365599999999996, -6.064699999999999, -6.472199999999997, -5.372799999999997, -6.100099999999995, -5.787149999999998, -5.9209000000000005, -5.8107, -6.5476, -5.780449999999995, -6.155699999999999, -6.019149999999996, -6.534200000000003, -5.708399999999998, -5.359925000000004, -6.399999999999988, -5.000099999999994, -5.385000000000003, -6.046225000000003, -4.7890999999999915, -5.011674999999999, -5.342399999999997, -4.950549999999995, -5.184549999999999, -4.564599999999994, -4.568199999999995, -4.7273999999999985, -4.666699999999997, -4.962300000000006, -6.223599999999997, -6.2342999999999975, -5.976099999999997, -5.123999999999998, -5.3206000000000016, -5.788749999999993, -6.1722999999999955, -6.076889999999999, -6.298749999999993, -5.687390000000002, -5.47500000000001, -6.144814999999999, -5.459999999999995, -5.573924999999998, -5.7033500000000155, -5.567440000000001, -5.019250000000002, -5.804999999999999, -5.833999999999995, -5.3581, -4.639600000000004, -4.765550000000002, -4.687500000000001, -5.7798300000000005, -5.766890000000001, -5.310499999999998, -5.400299999999994, -5.403649999999998, -5.888999999999997, -6.101099999999995, -5.820199999999997, -5.966499999999994, -6.271899999999995, -5.1193999999999935, -5.803399999999993, -5.224450000000003, -5.345600000000001, -6.694949999999999, -5.4353750000000005, -5.975000000000011, -5.975000000000011, -5.975000000000011, -5.720099999999998, -5.209999999999992, -5.863041666666669, -5.834683333333337, -5.456633333333339, -5.226574999999997, -5.202549999999995, -5.40365, -5.883333333333327, -5.883333333333327, -5.883333333333327, -5.150600000000004, -4.708250000000002, -5.522399999999997]","0    -6.340
1    -5.950
2    -6.240
3    -7.000
4    -6.210
5    -4.990
6    -5.140
7    -5.210
8    -6.100
9    -5.400
10   -6.540
11   -6.230
12   -6.220
13   -5.900
14   -5.820
15   -5.440
16   -5.960
17   -5.020
18   -6.630
19   -5.020
20   -6.560
21   -6.220
22   -5.750
23   -5.130
24   -5.040
25   -5.805
26   -5.440
27   -6.400
28   -6.310
29   -4.710
30   -4.570
31   -5.060
32   -4.490
33   -4.600
34   -4.750
Name: Permeability, dtype: float64","[array([-6.1245  , -5.76    , -5.9881  , -6.4634  , -6.0599  , -5.1076  ,
       -5.38845 , -5.5755  , -5.869075, -5.4023  , -6.14415 , -6.4982  ,
       -6.4316  , -6.1281  , -5.4455  , -5.6     , -5.850425, -4.95    ,
       -5.62125 , -5.68645 , -5.628   , -5.990975, -5.8534  , -5.43555 ,
       -5.15095 , -5.82735 , -5.41535 , -5.278725, -5.89    , -5.89    ,
       -4.81615 , -5.066875, -4.612   , -4.99675 , -4.9848  ]), array([-6.07635 , -5.76    , -5.8288  , -6.07515 , -6.03005 , -5.15845 ,
       -5.3602  , -5.49625 , -5.7436  , -5.39385 , -6.080925, -6.5243  ,
       -6.4107  , -6.1493  , -5.4506  , -5.5375  , -5.89345 , -4.95    ,
       -5.601375, -5.5571  , -5.51275 , -6.0372  , -5.878425, -5.2479  ,
       -5.17185 , -5.675   , -5.253925, -5.3192  , -5.865   , -5.865   ,
       -4.8011  , -5.13985 , -4.6325  , -5.0903  , -5.223025]), array([-6.2793  , -6.0647  , -6.1518  , -6.4153  , -6.432125, -5.2708  ,
       -5.6552  , -5.4724  , -5.906325, -5.33295 , -5.989425, -6.5335  ,
       -6.3583  , -6.1195  , -5.462925, -5.6     , -5.800475, -4.95    ,
       -5.521925, -5.770475, -5.528275, -6.17315 , -5.865275, -5.2733  ,
       -5.0737  , -5.8063  , -5.37735 , -5.291675, -5.865   , -5.865   ,
       -5.005525, -5.097975, -4.6886  , -4.8786  , -4.9101  ]), array([-6.2115  , -5.76    , -5.9235  , -6.5291  , -6.0225  , -5.2381  ,
       -5.48975 , -5.483   , -6.01015 , -5.4101  , -6.2906  , -6.5772  ,
       -6.4167  , -6.14965 , -5.6918  , -5.475   , -5.88095 , -4.95    ,
       -5.530575, -5.73205 , -5.533495, -6.0963  , -5.758625, -5.338575,
       -5.09825 , -5.5094  , -5.2869  , -5.22032 , -5.834   , -5.834   ,
       -4.7857  , -5.21536 , -4.6458  , -5.08705 , -5.05525 ]), array([-6.0906    , -5.76      , -6.2417    , -6.6427    , -6.2847    ,
       -5.0736    , -5.6545    , -5.4391    , -5.70865   , -5.3554    ,
       -6.0724    , -6.5896    , -6.52055   , -6.20593333, -5.4347    ,
       -5.975     , -5.87326667, -4.95      , -5.6368    , -5.748425  ,
       -5.64535833, -6.14895833, -5.83276667, -5.308575  , -5.070075  ,
       -5.73151667, -5.3505    , -5.31360833, -5.88333333, -5.88333333,
       -4.933475  , -5.2272    , -4.6329    , -5.00005   , -5.013625  ])]","[-6.15645    -5.82094    -6.02678    -6.42513    -6.165855   -5.16971
 -5.50962    -5.49325    -5.84756    -5.37892    -6.1155     -6.54456
 -6.42757    -6.15049667 -5.497105   -5.6375     -5.85971333 -4.95
 -5.582385   -5.6989     -5.56957567 -6.08931667 -5.83769833 -5.32078
 -5.112965   -5.70991333 -5.336805   -5.28470567 -5.86746667 -5.86746667
 -4.86839    -5.149452   -4.64236    -5.01055    -5.03736   ]","[0.07732485 0.12188    0.15045238 0.19088933 0.16446517 0.0749906
 0.12616424 0.04526824 0.10995945 0.02969226 0.10042786 0.03398827
 0.05265474 0.03012566 0.09776972 0.175      0.03276677 0.
 0.04726899 0.07607479 0.05548537 0.06785448 0.04229087 0.06512084
 0.04125076 0.11399386 0.05892431 0.0353697  0.01945091 0.01945091
 0.08618197 0.0631659  0.02552807 0.07736124 0.10422337]"
7,LinearRegression,"[-4.785252196095102, -4.9791085479473125, -4.883407862443299, -6.825162859044747, -8.406528711647365, -5.08029630501689, -9.658718430399029, -4.0, -6.655893672680035, -7.422176584346987, -4.0, -6.060270382289331, -4.950000000000005, -6.667536147794491, -6.1525241319950625, -4.0, -6.253713909649494, -5.858214765898197, -5.3749216218312315, -4.0, -5.491753615518575, -5.477357126796969, -5.890000000000043, -5.890000000000073, -4.913421134016593, -4.0, -4.631273421589564, -4.506114953617061, -5.831081072075702, -6.712279108609733, -5.789417173146995, -4.223795574652643, -7.299673604986803, -5.552370770972765, -7.062390011879549, -4.0, -7.414983567835225, -7.503161215836746, -6.489225342580848, -5.224539744679394, -6.726451643208992, -6.752819174019475, -4.64871043508854, -5.537499999999993, -4.949999999999987, -5.58362536714292, -6.5943098919398215, -6.220000000000008, -4.0, -5.897689792183049, -5.4430766927631895, -4.0, -6.299999999999937, -5.298283396061007, -5.523129759928067, -5.8438758003990054, -5.202444098937318, -6.725814751023041, -5.819376788823823, -5.513174245812535, -5.027239007414754, -4.0, -4.555403104532284, -5.812812158862363, -6.564645523028508, -5.7837199645728825, -4.2911426822018, -5.365493045680522, -6.2024645949540025, -4.681767829227391, -6.400000000000024, -5.1969912082416165, -5.2133045226782055, -7.018259616778135, -4.879169287519443, -4.689047036310372, -6.4737130782618095, -7.129085788346611, -5.207324600417868, -5.710548630018593, -4.80627781612249, -4.5982327418951785, -6.467719645111849, -4.763902721687712, -4.906866944126677, -6.819486444971652, -6.934105556969424, -5.179856333620684, -5.89770979476693, -4.9816245634220175, -6.812551095293278, -4.748349268633482, -6.470595995284906, -5.405027276873529, -5.475000000000018, -6.413983645586845, -5.4600000000001385, -5.628318982264758, -6.185322307116416, -8.75907006718199, -5.595793876708548, -5.805000000000104, -5.834000000000007, -4.839293132631986, -4.317137792441707, -4.636799059126387, -4.411708222338638, -6.024700398354492, -6.514007880297145, -5.159949434214696, -5.175793939806231, -6.182832426409294, -6.5651042099070525, -4.739094188367635, -4.768213822254152, -4.0, -4.0, -4.68731323284311, -5.806790897006806, -4.0, -4.0, -6.496846830003578, -4.042672710612956, -5.974999999999978, -5.974999999999978, -5.974999999999997, -5.664295138992189, -5.210000000000185, -5.943556877319478, -5.755253127202872, -5.624997551235237, -6.597354119229804, -5.585850156387566, -6.390343756102474, -5.883333333333268, -5.883333333333297, -5.883333333333358, -4.787309298375463, -4.778911226552753, -6.258723069025448]","0    -6.340
1    -5.950
2    -6.240
3    -7.000
4    -6.210
5    -4.990
6    -5.140
7    -5.210
8    -6.100
9    -5.400
10   -6.540
11   -6.230
12   -6.220
13   -5.900
14   -5.820
15   -5.440
16   -5.960
17   -5.020
18   -6.630
19   -5.020
20   -6.560
21   -6.220
22   -5.750
23   -5.130
24   -5.040
25   -5.805
26   -5.440
27   -6.400
28   -6.310
29   -4.710
30   -4.570
31   -5.060
32   -4.490
33   -4.600
34   -4.750
Name: Permeability, dtype: float64","[array([-4.        , -5.76      , -6.84990061, -8.17970899, -6.43309723,
       -4.98290869, -4.41484761, -4.        , -4.62098157, -4.        ,
       -5.9892479 , -7.52310542, -6.3238258 , -5.95257913, -5.86303684,
       -5.6       , -6.0220441 , -4.95      , -9.11341247, -5.51998448,
       -9.36001298, -5.4758938 , -6.32368668, -5.66947709, -5.71416265,
       -4.43647007, -5.34549862, -4.        , -5.89      , -5.89      ,
       -4.        , -4.77774524, -4.31716413, -4.15214033, -4.30118902]), array([-7.05230093, -5.76      , -7.672733  , -7.9354145 , -7.06037542,
       -5.48673157, -5.15612778, -4.        , -5.59726003, -4.        ,
       -6.89040366, -8.5046377 , -6.22744554, -6.0961226 , -5.4418741 ,
       -5.5375    , -6.0788869 , -4.95      , -6.14863183, -4.        ,
       -6.99038595, -6.08906796, -6.06789912, -5.47269656, -6.7716203 ,
       -4.67521474, -5.4385296 , -4.        , -5.865     , -5.865     ,
       -5.84456276, -4.90519931, -4.43117028, -6.00862987, -6.32169873]), array([-6.05350263, -5.2024441 , -7.96018431, -8.82731061, -5.60860078,
       -5.60878657, -4.94969788, -4.        , -4.83075321, -4.        ,
       -5.37533574, -6.9984788 , -5.81524416, -5.67201642, -5.38061802,
       -5.6       , -6.06853595, -4.95      , -6.58558349, -6.87629274,
       -4.46447315, -6.95225086, -6.32169218, -5.80286691, -7.61305524,
       -4.34017428, -5.46012737, -5.45531918, -5.865     , -5.865     ,
       -4.        , -4.16587893, -4.54078609, -4.        , -4.64958516]), array([-4.        , -5.76      , -6.50477407, -6.85212473, -6.35163047,
       -4.76810019, -4.8417426 , -5.52213651, -5.67716678, -6.06472745,
       -6.20195459, -5.839172  , -6.04956955, -5.90250466, -5.03385003,
       -5.475     , -5.87976757, -4.95      , -5.15959703, -6.25518472,
       -6.21383773, -6.08648594, -6.16328761, -5.28445904, -4.16142789,
       -5.11959841, -5.1723638 , -4.        , -5.834     , -5.834     ,
       -4.91732462, -4.5023267 , -4.0070843 , -4.9261173 , -5.38292935]), array([ -6.23390322,  -5.76      ,  -8.08946423,  -9.12247705,
        -5.72501089,  -4.7099344 ,  -4.        ,  -4.        ,
        -4.80834143,  -5.68409095,  -5.93820905,  -5.89077297,
        -6.22343796,  -5.73216661,  -5.74496744,  -5.975     ,
        -5.84441938,  -4.95      ,  -7.69156661,  -6.79672263,
       -10.        ,  -7.77816415,  -7.44086979,  -5.35734684,
        -8.74676774,  -4.31033807,  -6.18609852,  -4.        ,
        -5.88333333,  -5.88333333,  -4.01197404,  -4.90385229,
        -4.22449903,  -4.        ,  -4.33695489])]","[-5.46794136 -5.64848882 -7.41541124 -8.18340717 -6.23574296 -5.11129228
 -4.67248317 -4.3044273  -5.1069006  -4.74976368 -6.07903019 -6.95123338
 -6.1279046  -5.87107788 -5.49286929 -5.6375     -5.97873078 -4.95
 -6.93975829 -5.88963691 -7.40574196 -6.47637254 -6.46348708 -5.51736929
 -6.60140676 -4.57635911 -5.52052358 -4.29106384 -5.86746667 -5.86746667
 -4.55477228 -4.65100049 -4.30414077 -4.6173775  -4.99847143]","[1.24494807e+00 2.23022360e-01 6.27120714e-01 7.91238377e-01
 5.26602673e-01 3.69812528e-01 4.14250784e-01 6.08854602e-01
 4.39810901e-01 9.26124602e-01 4.89185988e-01 1.01030605e+00
 1.79617965e-01 1.53099333e-01 2.92053773e-01 1.75000000e-01
 9.77809091e-02 6.92551392e-15 1.35722387e+00 1.06181825e+00
 2.03929245e+00 8.03006311e-01 4.98304417e-01 1.93129848e-01
 1.57452711e+00 3.00333411e-01 3.47910816e-01 5.82127671e-01
 1.94509069e-02 1.94509069e-02 7.35551245e-01 2.83570849e-01
 1.82697818e-01 7.75842640e-01 7.67367825e-01]"
8,KNeighborsRegressor,"[-5.920000000000001, -5.1000000000000005, -5.18, -5.743333333333333, -5.31, -5.57, -5.226666666666667, -5.43, -6.496666666666666, -5.9816666666666665, -5.61, -6.316666666666666, -5.296666666666667, -5.539999999999999, -5.386666666666667, -5.91, -5.16, -5.16, -5.496666666666666, -5.543333333333333, -4.543333333333333, -5.55, -5.706666666666667, -5.706666666666666, -4.9316666666666675, -5.263333333333333, -4.6866666666666665, -5.669999999999999, -5.88, -5.88, -5.88, -5.25, -5.22, -6.273333333333333, -6.16, -5.613333333333333, -6.3933333333333335, -6.3933333333333335, -6.336666666666666, -6.0633333333333335, -5.413333333333334, -6.3933333333333335, -5.233333333333333, -5.68, -5.296666666666667, -6.2316666666666665, -6.336666666666666, -5.576666666666665, -5.843333333333334, -5.696666666666666, -5.3133333333333335, -4.883333333333334, -5.853333333333333, -4.773333333333333, -4.8100000000000005, -5.183333333333334, -5.916666666666667, -6.46, -5.349999999999999, -6.446666666666666, -5.633333333333333, -5.68, -5.68, -6.63, -5.903333333333333, -5.986666666666667, -5.733333333333333, -6.38, -6.146666666666666, -5.4175, -5.636666666666667, -5.133333333333333, -5.5566666666666675, -5.456666666666666, -4.663333333333333, -5.204166666666667, -5.396666666666666, -4.806666666666667, -4.78, -4.556666666666666, -4.556666666666666, -4.866666666666666, -4.97, -4.963333333333334, -6.096666666666667, -5.95, -5.286666666666667, -5.306666666666666, -5.319999999999999, -5.3133333333333335, -5.906666666666666, -6.316666666666667, -6.16, -5.906666666666666, -5.596666666666667, -6.63, -5.37, -5.403333333333333, -5.323333333333333, -5.78, -5.37, -5.6883333333333335, -5.55, -5.416666666666667, -4.633333333333333, -4.805, -4.603333333333333, -5.581666666666667, -5.581666666666667, -5.805, -5.28, -5.03, -5.733333333333334, -5.763333333333333, -5.763333333333333, -5.763333333333333, -6.466666666666666, -5.156666666666666, -5.763333333333333, -5.239999999999999, -5.239999999999999, -6.544999999999999, -5.669999999999999, -5.633333333333333, -5.633333333333333, -5.633333333333333, -6.026666666666666, -5.286666666666666, -5.616666666666667, -5.533333333333334, -5.463333333333334, -5.0841666666666665, -5.324166666666666, -5.463333333333334, -5.883333333333333, -5.883333333333333, -5.883333333333333, -5.02, -4.95, -5.363333333333333]","0    -6.340
1    -5.950
2    -6.240
3    -7.000
4    -6.210
5    -4.990
6    -5.140
7    -5.210
8    -6.100
9    -5.400
10   -6.540
11   -6.230
12   -6.220
13   -5.900
14   -5.820
15   -5.440
16   -5.960
17   -5.020
18   -6.630
19   -5.020
20   -6.560
21   -6.220
22   -5.750
23   -5.130
24   -5.040
25   -5.805
26   -5.440
27   -6.400
28   -6.310
29   -4.710
30   -4.570
31   -5.060
32   -4.490
33   -4.600
34   -4.750
Name: Permeability, dtype: float64","[array([-5.92      , -5.92      , -6.44666667, -5.91333333, -5.91333333,
       -5.1       , -5.4       , -5.31      , -5.84333333, -5.43      ,
       -6.74666667, -6.74666667, -6.65      , -6.16333333, -5.57666667,
       -5.59666667, -5.78      , -5.29666667, -5.48833333, -5.75666667,
       -5.16      , -6.44      , -5.57      , -5.43666667, -5.2       ,
       -5.68833333, -5.55      , -5.51      , -5.70666667, -5.70666667,
       -4.54333333, -5.74166667, -4.55      , -4.71333333, -5.22333333]), array([-6.18333333, -5.88      , -6.48333333, -5.75666667, -5.95      ,
       -5.1       , -5.4       , -5.27333333, -5.66333333, -5.63333333,
       -6.        , -6.39333333, -6.33666667, -6.33666667, -5.57666667,
       -5.68      , -5.78      , -5.29666667, -5.61416667, -5.51666667,
       -5.16083333, -6.11      , -5.57333333, -5.31333333, -5.07333333,
       -5.72333333, -5.42666667, -5.42666667, -5.67333333, -5.55      ,
       -4.54333333, -5.65666667, -4.55      , -4.71333333, -5.18333333]), array([-6.22      , -5.91666667, -6.44666667, -6.25333333, -6.44666667,
       -5.27      , -5.93333333, -5.27333333, -5.84333333, -5.55      ,
       -6.40666667, -6.63      , -6.65      , -6.00666667, -5.63666667,
       -5.59666667, -5.78      , -5.04666667, -5.61416667, -5.74333333,
       -5.2975    , -6.17      , -5.57      , -5.28333333, -4.9       ,
       -5.45666667, -5.39666667, -5.41      , -5.65333333, -5.55      ,
       -4.58      , -5.74166667, -4.58666667, -4.68666667, -4.96333333]), array([-6.09666667, -5.79333333, -5.91333333, -5.91333333, -5.91333333,
       -5.32      , -5.4       , -5.27333333, -5.31333333, -5.55      ,
       -6.74666667, -6.74666667, -6.49333333, -6.00666667, -5.90666667,
       -5.59666667, -5.85      , -5.2       , -5.61416667, -5.42666667,
       -5.16083333, -5.94      , -5.57      , -5.28333333, -5.13666667,
       -5.425     , -5.41666667, -5.43      , -5.55      , -5.55      ,
       -4.63333333, -5.58166667, -4.65      , -4.68      , -5.03      ]), array([-5.92      , -5.92      , -6.96333333, -6.23666667, -6.43      ,
       -5.17      , -5.81666667, -5.24      , -5.84333333, -5.55      ,
       -6.74666667, -6.74666667, -6.49      , -6.00333333, -6.01      ,
       -5.63333333, -5.61666667, -5.25      , -5.84583333, -5.74333333,
       -5.08416667, -6.44      , -5.985     , -5.41666667, -5.2       ,
       -5.72333333, -5.41666667, -5.42666667, -5.88333333, -5.88333333,
       -4.54333333, -5.74166667, -4.55      , -4.71333333, -5.22333333])]","[-6.068      -5.886      -6.45066667 -6.01466667 -6.13066667 -5.192
 -5.59       -5.274      -5.70133333 -5.54266667 -6.52933333 -6.65266667
 -6.524      -6.10333333 -5.74133333 -5.62066667 -5.76133333 -5.218
 -5.63533333 -5.63733333 -5.17266667 -6.22       -5.65366667 -5.34666667
 -5.102      -5.60333333 -5.44133333 -5.44066667 -5.69333333 -5.648
 -4.56866667 -5.69266667 -4.57733333 -4.70133333 -5.12466667]","[0.12730715 0.04873511 0.33246153 0.1966452  0.25162053 0.08930845
 0.23560796 0.022151   0.20614558 0.06492389 0.29561537 0.13731391
 0.11742421 0.13170674 0.18149503 0.03289039 0.07724708 0.09282241
 0.11598563 0.13831365 0.06907403 0.19483326 0.1656717  0.0665332
 0.11138721 0.13367041 0.05520064 0.03536477 0.10846402 0.13239
 0.03531446 0.06452906 0.03900997 0.01484737 0.10761247]"
9,SVR,"[-6.030211234755988, -5.2521702902598575, -5.232577206135815, -6.067602795622149, -5.508737359505118, -5.545147987601349, -5.371652940381807, -5.399846270758922, -6.0651283280303065, -5.780650763970491, -5.9134329016413, -5.851511448801449, -5.18814775336731, -5.759603835191517, -5.298426348643449, -6.280552209392451, -5.294647846681397, -5.354076492249181, -5.462455646106048, -5.692948392942603, -4.972703021593663, -5.415447302896046, -5.865682543305514, -5.865682543305513, -5.225765674377544, -5.6842467116404425, -4.8677558925621165, -5.605409147478464, -5.974626129809558, -5.914355903595911, -5.808704799311546, -5.566126706195178, -5.588148690505608, -6.0569328154836315, -5.882492866900393, -5.572893933422565, -6.301266767098844, -6.430001271217574, -6.224587692650697, -6.0046640213631495, -5.9824188728928185, -6.235988581523912, -5.341627804249535, -5.407474394611013, -5.049918632545242, -5.527734104413842, -5.829219765675899, -6.1197568872256936, -5.7338844011472805, -5.878737978298087, -5.31545924594019, -5.441111797822672, -5.842424215511241, -5.161848699659856, -5.311390146419254, -5.152809651750938, -6.133889156937248, -6.233745920463229, -5.458022628227971, -6.262449790298138, -5.69448164308749, -5.791636334592979, -5.796231048838842, -6.351767882444749, -6.043991570960994, -6.1436846545506425, -6.125575216219932, -6.3839336215066895, -5.850691300758353, -5.690631009745378, -6.168729452450198, -5.219208764541518, -5.400935116851288, -5.753397259911104, -4.800909889276905, -5.179027127018226, -5.416976649859408, -4.916089155798865, -5.316273569989941, -4.6214709513583045, -4.671951007341979, -4.717511170437791, -4.867835377909378, -5.051377493387035, -6.1232475155308626, -5.883660965741475, -5.683234135001415, -5.435666471017556, -5.497034234596765, -5.778579058151742, -6.018976328943147, -6.037044030227353, -6.1250165351221595, -5.576904811128861, -5.340111969824285, -6.681267028913595, -5.359830090332491, -5.631137664142362, -5.50280659476891, -5.981796129161807, -5.0883939244797824, -5.705027753271782, -5.67123279951691, -5.480141187029103, -4.5881885705696295, -4.694216256997998, -4.5855611945906976, -5.73299419545096, -5.831373632790884, -5.2536123593659685, -5.367180978776401, -5.278986008889946, -5.747738039787335, -6.290966577586745, -6.121315321012716, -6.169755449745654, -6.240715987023486, -5.277552315737886, -5.678679593540173, -5.245858247864805, -5.412997914687404, -6.375786532482014, -5.370209727783288, -5.749559256017365, -5.749559256017365, -5.749559256017366, -5.920528502486025, -5.234310891632957, -5.998267244689726, -5.9467913761705, -5.658903386814589, -5.146305904832584, -5.159868581189172, -5.500013601759802, -5.919991773442327, -5.919991773442327, -5.919991773442325, -5.139562491567705, -4.846286400288878, -5.549223060109144]","0    -6.340
1    -5.950
2    -6.240
3    -7.000
4    -6.210
5    -4.990
6    -5.140
7    -5.210
8    -6.100
9    -5.400
10   -6.540
11   -6.230
12   -6.220
13   -5.900
14   -5.820
15   -5.440
16   -5.960
17   -5.020
18   -6.630
19   -5.020
20   -6.560
21   -6.220
22   -5.750
23   -5.130
24   -5.040
25   -5.805
26   -5.440
27   -6.400
28   -6.310
29   -4.710
30   -4.570
31   -5.060
32   -4.490
33   -4.600
34   -4.750
Name: Permeability, dtype: float64","[array([-5.98299726, -5.98513532, -5.88585813, -5.88604573, -5.68104008,
       -5.25060297, -5.3262778 , -5.4953642 , -5.71893826, -5.33174172,
       -6.24051185, -6.6300107 , -6.23675456, -6.04240978, -5.55560142,
       -5.60012529, -5.97427109, -5.18814775, -5.53115052, -5.80734732,
       -5.56525218, -5.87363819, -5.88218675, -5.46238735, -5.06979672,
       -5.78967609, -5.43534672, -5.38849231, -5.86568254, -5.86568254,
       -4.83221623, -5.32078974, -4.57337963, -4.73990714, -4.8863127 ]), array([-5.97563809, -5.97014972, -5.75710049, -5.67600724, -5.66855592,
       -5.24504392, -5.4179544 , -5.33980667, -6.04722132, -5.33615873,
       -6.08653785, -6.38443659, -6.32643384, -6.1609456 , -5.54720299,
       -5.40747439, -5.96300583, -5.04991863, -5.58772852, -5.75479773,
       -5.57927015, -5.9942255 , -5.81605803, -5.30016906, -5.11918224,
       -5.5888142 , -5.29759181, -5.37107998, -5.81431973, -5.81431973,
       -4.83681155, -5.25617109, -4.5908449 , -4.83278006, -5.05974163]), array([-6.14383047, -6.13388916, -6.20167358, -6.28119193, -6.28466739,
       -5.47208827, -5.98212121, -5.32991774, -5.85973926, -5.27189376,
       -6.06649404, -6.49904423, -6.32892366, -6.16108285, -5.54037724,
       -5.60039879, -5.94838057, -5.04994193, -5.63840715, -5.84125776,
       -5.6093774 , -5.95552787, -5.81373564, -5.34361528, -4.95116794,
       -5.71910014, -5.35964411, -5.30929791, -5.80997896, -5.80997896,
       -4.90393679, -5.22850512, -4.63892712, -4.6489761 , -4.8489099 ]), array([-6.07944003, -6.04661378, -5.77989277, -6.08640916, -5.80221786,
       -5.45475329, -5.5078182 , -5.35957613, -5.85453355, -5.2664221 ,
       -6.19922892, -6.63019155, -6.2705514 , -6.10316591, -5.63059116,
       -5.34011197, -5.88216794, -5.04988532, -5.56928401, -5.82232232,
       -5.53505313, -5.81432917, -5.73713226, -5.34267784, -5.010824  ,
       -5.55311049, -5.35300609, -5.31834732, -5.6712328 , -5.6712328 ,
       -4.86060117, -5.2807167 , -4.61906028, -4.72804248, -4.87718171]), array([-6.0773337 , -6.05974711, -6.43458398, -6.49871058, -6.24868193,
       -5.2887136 , -5.84226703, -5.39780586, -5.76703599, -5.25742642,
       -6.15981605, -6.65877194, -6.26299451, -6.08436487, -5.58777286,
       -5.74955926, -6.03358175, -5.04987113, -5.53178754, -5.81496684,
       -5.53123004, -5.99247413, -5.95429895, -5.35051226, -5.02171465,
       -5.6455381 , -5.37955804, -5.40996266, -5.91999177, -5.91999177,
       -4.8461062 , -5.39920023, -4.60290834, -4.66870243, -4.85506186])]","[-6.05184791 -6.03910702 -6.01182179 -6.08567293 -5.93703264 -5.34224041
 -5.61528773 -5.38449412 -5.84949368 -5.29272855 -6.15051774 -6.560491
 -6.28513159 -6.1103938  -5.57230913 -5.53953394 -5.96028144 -5.07755295
 -5.57167155 -5.80813839 -5.56403658 -5.92603897 -5.84068233 -5.35987236
 -5.03453711 -5.6592478  -5.36502935 -5.35943604 -5.81624116 -5.81624116
 -4.85593439 -5.29707658 -4.60502406 -4.72368164 -4.90544156]","[0.06390617 0.058539   0.26431513 0.28861924 0.27340891 0.10022905
 0.25302304 0.06010962 0.11231258 0.03400166 0.06589626 0.10403957
 0.03651463 0.04577431 0.03336175 0.14744173 0.04861979 0.05529741
 0.03987444 0.02895015 0.0290022  0.07093314 0.07305676 0.05426115
 0.05671893 0.08603234 0.04444547 0.03933167 0.08279972 0.08279972
 0.02588759 0.05938771 0.02259791 0.06448004 0.07836707]"
10,MLPRegressor,"[-4.12368914347358, -5.044945067766816, -5.213864099592581, -6.655963593516921, -5.240254042939156, -4.95248922078159, -4.836018069410022, -4.814254628860825, -6.327852292757997, -5.387865220238112, -4.0, -5.899073233960593, -4.965013910086079, -4.614638865054329, -5.18506520732256, -4.896632981499504, -5.561988870416312, -5.091622250757559, -5.477262264558202, -5.771233798504246, -5.1994433444676496, -5.742937144709618, -5.944007884962948, -5.9440078849629465, -5.001379501244751, -4.0, -4.003745930360797, -5.876708590128429, -5.853664978117901, -5.856566911604641, -5.8761086771554885, -5.744765998166469, -4.121679814271364, -5.7361677765409365, -6.675861996391643, -5.010828705493613, -6.449673948352569, -7.572149355807555, -6.82870312026664, -6.263398302420556, -6.382546116827666, -6.6499638070661495, -4.092265043778556, -5.542518654868082, -4.94074995031147, -5.664220926216529, -5.465139976113159, -6.260703305385596, -4.0, -5.63087480360867, -5.8130933027935, -4.598672548278979, -5.897194468836404, -5.13527530472141, -5.533498311332658, -5.684944157167193, -6.19281192742118, -6.937014986476099, -5.38080588005942, -5.890265874001862, -5.8490737661332854, -4.83194084067673, -5.2879434217935755, -6.3014936930974965, -4.0, -4.141619943408728, -4.0, -6.452716559027795, -5.333269528900111, -5.31622542451366, -6.414721415433207, -5.861056913590618, -5.151224857145219, -5.636165448584317, -4.587517611655426, -4.736432602077992, -5.298767290712732, -4.0, -5.378683878224881, -4.043294951735183, -4.1580338218285515, -4.480127072597499, -4.0, -4.949606370375356, -5.396790203143828, -6.955965074796723, -5.125512051549137, -5.283102854753434, -5.094363914347454, -4.252088295212473, -4.0, -4.917442985472254, -6.447848845273667, -4.8604878334795565, -5.468107011136034, -5.853477427403348, -5.47782176844153, -5.372018050656023, -5.643372679335011, -7.974140679497058, -4.808796237461877, -5.7382359347985865, -5.844456064417912, -4.931560240793682, -4.396921470721527, -4.886104839886913, -4.474475472677696, -5.600344092388587, -5.6626702755670095, -5.2309142147908885, -5.251713895979462, -5.2410574059202375, -5.65946886080617, -6.410572953012121, -6.686196212344081, -6.136617171034665, -5.772908616911424, -4.982229652630494, -6.233371005027454, -4.572911422057785, -4.0, -6.755612981311924, -4.959790136578974, -5.9703818270522016, -5.9703818270522016, -5.970381827052201, -4.9457166256091805, -5.275018927599084, -5.9038506044368155, -5.821948685022691, -5.565216530568818, -5.098618999899308, -5.249345333848511, -5.813096418066817, -5.9150481487386, -5.915048148738605, -5.915048148738602, -4.8482333126866415, -4.9747622865730134, -5.566963830828637]","0    -6.340
1    -5.950
2    -6.240
3    -7.000
4    -6.210
5    -4.990
6    -5.140
7    -5.210
8    -6.100
9    -5.400
10   -6.540
11   -6.230
12   -6.220
13   -5.900
14   -5.820
15   -5.440
16   -5.960
17   -5.020
18   -6.630
19   -5.020
20   -6.560
21   -6.220
22   -5.750
23   -5.130
24   -5.040
25   -5.805
26   -5.440
27   -6.400
28   -6.310
29   -4.710
30   -4.570
31   -5.060
32   -4.490
33   -4.600
34   -4.750
Name: Permeability, dtype: float64","[array([-5.77369918, -5.9583163 , -7.41297557, -7.18343931, -6.77942569,
       -5.10133321, -4.34972466, -4.182649  , -5.10667759, -4.08186749,
       -5.65059663, -6.74213352, -6.12856592, -5.77261586, -5.37363723,
       -5.60270436, -5.61948099, -4.96501391, -4.01993868, -5.2814452 ,
       -4.3879094 , -6.49963972, -5.59784985, -5.51424286, -4.        ,
       -6.30579125, -5.65845793, -4.        , -5.94400788, -5.94400788,
       -4.778687  , -5.29968775, -4.2017637 , -5.88294858, -5.37705311]), array([-6.06962111, -6.01664951, -7.69151688, -6.84695636, -7.00748919,
       -5.09487155, -4.23452072, -4.        , -5.36855722, -4.04814716,
       -5.80735614, -7.35113876, -6.26542541, -5.70066753, -5.35484753,
       -5.54251865, -5.64932688, -4.94074995, -4.13211598, -4.        ,
       -4.28572291, -6.04188465, -5.46639051, -5.53248834, -4.        ,
       -6.17726958, -5.62093257, -4.        , -5.91666565, -5.91666565,
       -5.44083342, -5.12297156, -4.23861243, -5.84576941, -5.67066364]), array([-6.03533797, -6.19281193, -7.57103251, -7.01112716, -6.95077471,
       -5.21514305, -4.56747654, -4.03745925, -5.26974017, -4.68617585,
       -5.24151194, -6.52904024, -5.97770148, -5.45779879, -5.41961516,
       -5.60027048, -5.67320641, -4.94681309, -4.58431624, -5.20147788,
       -4.9317363 , -6.65242712, -5.53047815, -5.40179787, -4.        ,
       -6.21441947, -5.38284558, -4.        , -5.91548896, -5.91548896,
       -5.06437745, -5.03154368, -4.03170224, -5.38701915, -5.3131494 ]), array([-5.51149734, -5.87170567, -8.0350326 , -7.52280998, -7.10653764,
       -5.11388771, -4.27292379, -4.21508961, -4.        , -4.25145348,
       -5.81053319, -6.75127447, -5.98005247, -5.65418943, -4.80773297,
       -5.46810701, -5.57510688, -4.95613518, -4.        , -5.4818953 ,
       -4.16288953, -5.83414463, -5.4336847 , -5.42642609, -4.        ,
       -6.02050933, -5.28705483, -4.        , -5.84445606, -5.84445606,
       -5.32680463, -5.21797091, -4.24965834, -5.44879736, -5.15201833]), array([-5.90722042, -5.99567509, -8.2603321 , -7.46366654, -7.10922107,
       -5.04700592, -4.53824452, -4.        , -5.19555863, -4.38625205,
       -5.42481593, -6.74040871, -6.13245309, -5.77769719, -5.31797101,
       -5.97038183, -5.69782615, -4.95518185, -4.119212  , -4.95159668,
       -4.32490815, -6.83626857, -5.80312081, -5.32793564, -4.        ,
       -6.13499704, -5.43199876, -4.        , -5.91504815, -5.91504815,
       -5.3523748 , -5.43722897, -4.36555877, -5.30506788, -5.14883324])]","[-5.8594752  -6.0070317  -7.79417793 -7.20559987 -6.99068966 -5.11444829
 -4.39257804 -4.08703957 -4.98810672 -4.29077921 -5.58696276 -6.82279914
 -6.09683968 -5.67259376 -5.25476078 -5.63679647 -5.64298946 -4.9527788
 -4.17111658 -4.98328301 -4.41863326 -6.37287294 -5.5663048  -5.44057816
 -4.         -6.17059733 -5.47625793 -4.         -5.90713334 -5.90713334
 -5.19261546 -5.22188058 -4.2174591  -5.57392048 -5.33234354]","[0.20288654 0.10528257 0.31014806 0.25851753 0.12163745 0.05521499
 0.13634066 0.0928956  0.50149979 0.23216998 0.22281567 0.27707325
 0.10819351 0.11688874 0.22590057 0.17385054 0.04271061 0.00833092
 0.21311252 0.52018716 0.26686067 0.37649364 0.13109646 0.07518843
 0.         0.09384677 0.14185214 0.         0.0332009  0.0332009
 0.24204285 0.14032484 0.10786077 0.24177255 0.19132228]"
